--
-- PostgreSQL database dump
--

-- Dumped from database version 17.5 (aa1f746)
-- Dumped by pg_dump version 17.5 (Ubuntu 17.5-1.pgdg24.04+1)

SET statement_timeout = 0;
SET lock_timeout = 0;
SET client_encoding = 'UTF8';
SET standard_conforming_strings = on;
SELECT pg_catalog.set_config('search_path', '', false);
SET check_function_bodies = false;
SET xmloption = content;
SET client_min_messages = warning;
SET row_security = off;

SET default_tablespace = '';

SET default_table_access_method = heap;

--
-- Name: article_categories; Type: TABLE; Schema: public; Owner: hugo
--

CREATE TABLE public.article_categories (
    article_id uuid NOT NULL,
    category_id uuid NOT NULL
);


ALTER TABLE public.article_categories OWNER TO hugo;

--
-- Name: articles; Type: TABLE; Schema: public; Owner: hugo
--

CREATE TABLE public.articles (
    id uuid NOT NULL,
    created_at timestamp(6) without time zone NOT NULL,
    description character varying(1000),
    name character varying(255) NOT NULL,
    photo_url text,
    price double precision NOT NULL,
    updated_at timestamp(6) without time zone NOT NULL,
    owner_wallet_id uuid
);


ALTER TABLE public.articles OWNER TO hugo;

--
-- Name: block; Type: TABLE; Schema: public; Owner: hugo
--

CREATE TABLE public.block (
    id uuid NOT NULL,
    curr_hash character varying(255) NOT NULL,
    data character varying(2048) NOT NULL,
    mined_by character varying(2048) NOT NULL,
    nonce integer NOT NULL,
    previous_hash character varying(255) NOT NULL,
    time_stamp bigint NOT NULL
);


ALTER TABLE public.block OWNER TO hugo;

--
-- Name: categories; Type: TABLE; Schema: public; Owner: hugo
--

CREATE TABLE public.categories (
    id uuid NOT NULL,
    description character varying(255),
    name character varying(255) NOT NULL
);


ALTER TABLE public.categories OWNER TO hugo;

--
-- Name: roles; Type: TABLE; Schema: public; Owner: hugo
--

CREATE TABLE public.roles (
    id uuid NOT NULL,
    name character varying(50) NOT NULL
);


ALTER TABLE public.roles OWNER TO hugo;

--
-- Name: transactions; Type: TABLE; Schema: public; Owner: hugo
--

CREATE TABLE public.transactions (
    id uuid NOT NULL,
    from_address oid NOT NULL,
    from_string character varying(2048) NOT NULL,
    signature oid,
    signature_string character varying(2048) NOT NULL,
    "timestamp" character varying(255) NOT NULL,
    to_address oid NOT NULL,
    to_string character varying(2048) NOT NULL,
    value double precision NOT NULL,
    block_id uuid NOT NULL
);


ALTER TABLE public.transactions OWNER TO hugo;

--
-- Name: user_roles; Type: TABLE; Schema: public; Owner: hugo
--

CREATE TABLE public.user_roles (
    user_id uuid NOT NULL,
    role_id uuid NOT NULL
);


ALTER TABLE public.user_roles OWNER TO hugo;

--
-- Name: users; Type: TABLE; Schema: public; Owner: hugo
--

CREATE TABLE public.users (
    id uuid NOT NULL,
    created_at timestamp(6) without time zone NOT NULL,
    email character varying(255) NOT NULL,
    password character varying(255) NOT NULL,
    updated_at timestamp(6) without time zone NOT NULL,
    username character varying(255) NOT NULL
);


ALTER TABLE public.users OWNER TO hugo;

--
-- Name: wallets; Type: TABLE; Schema: public; Owner: hugo
--

CREATE TABLE public.wallets (
    id uuid NOT NULL,
    balance double precision NOT NULL,
    private_key character varying(2048) NOT NULL,
    public_key character varying(2048) NOT NULL,
    address character varying(255),
    user_id uuid
);


ALTER TABLE public.wallets OWNER TO hugo;

--
-- Name: 49256..49298; Type: BLOB METADATA; Schema: -; Owner: hugo
--

SELECT pg_catalog.lo_create('49256');
SELECT pg_catalog.lo_create('49257');
SELECT pg_catalog.lo_create('49258');
SELECT pg_catalog.lo_create('49261');
SELECT pg_catalog.lo_create('49262');
SELECT pg_catalog.lo_create('49263');
SELECT pg_catalog.lo_create('49266');
SELECT pg_catalog.lo_create('49267');
SELECT pg_catalog.lo_create('49268');
SELECT pg_catalog.lo_create('49271');
SELECT pg_catalog.lo_create('49272');
SELECT pg_catalog.lo_create('49273');
SELECT pg_catalog.lo_create('49276');
SELECT pg_catalog.lo_create('49277');
SELECT pg_catalog.lo_create('49278');
SELECT pg_catalog.lo_create('49281');
SELECT pg_catalog.lo_create('49282');
SELECT pg_catalog.lo_create('49283');
SELECT pg_catalog.lo_create('49286');
SELECT pg_catalog.lo_create('49287');
SELECT pg_catalog.lo_create('49288');
SELECT pg_catalog.lo_create('49291');
SELECT pg_catalog.lo_create('49292');
SELECT pg_catalog.lo_create('49293');
SELECT pg_catalog.lo_create('49296');
SELECT pg_catalog.lo_create('49297');
SELECT pg_catalog.lo_create('49298');

ALTER LARGE OBJECT 49256 OWNER TO hugo;
ALTER LARGE OBJECT 49257 OWNER TO hugo;
ALTER LARGE OBJECT 49258 OWNER TO hugo;
ALTER LARGE OBJECT 49261 OWNER TO hugo;
ALTER LARGE OBJECT 49262 OWNER TO hugo;
ALTER LARGE OBJECT 49263 OWNER TO hugo;
ALTER LARGE OBJECT 49266 OWNER TO hugo;
ALTER LARGE OBJECT 49267 OWNER TO hugo;
ALTER LARGE OBJECT 49268 OWNER TO hugo;
ALTER LARGE OBJECT 49271 OWNER TO hugo;
ALTER LARGE OBJECT 49272 OWNER TO hugo;
ALTER LARGE OBJECT 49273 OWNER TO hugo;
ALTER LARGE OBJECT 49276 OWNER TO hugo;
ALTER LARGE OBJECT 49277 OWNER TO hugo;
ALTER LARGE OBJECT 49278 OWNER TO hugo;
ALTER LARGE OBJECT 49281 OWNER TO hugo;
ALTER LARGE OBJECT 49282 OWNER TO hugo;
ALTER LARGE OBJECT 49283 OWNER TO hugo;
ALTER LARGE OBJECT 49286 OWNER TO hugo;
ALTER LARGE OBJECT 49287 OWNER TO hugo;
ALTER LARGE OBJECT 49288 OWNER TO hugo;
ALTER LARGE OBJECT 49291 OWNER TO hugo;
ALTER LARGE OBJECT 49292 OWNER TO hugo;
ALTER LARGE OBJECT 49293 OWNER TO hugo;
ALTER LARGE OBJECT 49296 OWNER TO hugo;
ALTER LARGE OBJECT 49297 OWNER TO hugo;
ALTER LARGE OBJECT 49298 OWNER TO hugo;

--
-- Data for Name: article_categories; Type: TABLE DATA; Schema: public; Owner: hugo
--

COPY public.article_categories (article_id, category_id) FROM stdin;
cf302005-233d-4502-a556-21e3dd316bf5	4d237f1c-32d6-4fef-8589-f27c35e5ec68
7faafd29-a910-4d34-a657-6c76c94c0836	acd6f2a9-8097-41af-8dc4-298343ce3ae3
d6bce07e-1942-48fa-affa-18de5909a46d	f3b7ad8d-1363-4b35-b94a-dc70cc020c3a
78fa8507-2571-446b-b83b-1b3ab1c1e1f1	4d237f1c-32d6-4fef-8589-f27c35e5ec68
4098ee5d-c94c-4515-b011-1390cfc0c746	acd6f2a9-8097-41af-8dc4-298343ce3ae3
f14ba5a8-9238-4231-bf74-ca7d4396bc92	acd6f2a9-8097-41af-8dc4-298343ce3ae3
af36cb97-e1db-4051-8102-ef5ffeadbaf8	acd6f2a9-8097-41af-8dc4-298343ce3ae3
bc28fca4-2ec3-4331-85bf-28fa0440ef46	f3b7ad8d-1363-4b35-b94a-dc70cc020c3a
\.


--
-- Data for Name: articles; Type: TABLE DATA; Schema: public; Owner: hugo
--

COPY public.articles (id, created_at, description, name, photo_url, price, updated_at, owner_wallet_id) FROM stdin;
cf302005-233d-4502-a556-21e3dd316bf5	2025-11-10 23:17:05.999498	4 café de la journée	café		30	2025-11-11 01:19:20.0764	39ca4b0e-fe7b-46ad-9b44-e482bac5214b
d6bce07e-1942-48fa-affa-18de5909a46d	2025-11-11 01:30:22.294915	Café au gout du SP98 avec une émission de CO2 de 339g CO2/km	Café Classe G	upload/articles/d6bce07e-1942-48fa-affa-18de5909a46d.png	270451	2025-11-11 01:30:22.344005	\N
78fa8507-2571-446b-b83b-1b3ab1c1e1f1	2025-11-11 01:31:51.085121	Un boost sans limite	Cappucino	upload/articles/78fa8507-2571-446b-b83b-1b3ab1c1e1f1.jpg	20	2025-11-11 01:31:51.136452	\N
4098ee5d-c94c-4515-b011-1390cfc0c746	2025-11-11 01:33:02.03266	Repère des bons vivants. Planche mixte 1 personne.	Gueuleton Paris	upload/articles/4098ee5d-c94c-4515-b011-1390cfc0c746.jpg	100	2025-11-11 01:33:02.079665	\N
bc28fca4-2ec3-4331-85bf-28fa0440ef46	2025-11-11 01:40:42.161153	gay	aleksei 		0.1	2025-11-11 01:40:42.161153	\N
af36cb97-e1db-4051-8102-ef5ffeadbaf8	2025-11-11 01:37:36.553478	Sandwich Poulet Crous	Sandwich Poulet Crous	upload/articles/af36cb97-e1db-4051-8102-ef5ffeadbaf8.jpg	20	2025-11-11 01:43:33.983518	ce881bcf-4c93-4801-88b6-44ea8751f3fd
f14ba5a8-9238-4231-bf74-ca7d4396bc92	2025-11-11 01:35:10.834271	Savourez ces choses pour 20 RMT (100 pour les non boursiers).	Repas Crous 1€	upload/articles/f14ba5a8-9238-4231-bf74-ca7d4396bc92.jpg	20	2025-11-11 01:43:33.983652	ce881bcf-4c93-4801-88b6-44ea8751f3fd
7faafd29-a910-4d34-a657-6c76c94c0836	2025-11-11 01:28:19.312759	Nouveau specimen disponible à la vente en magasin!	Hugay	upload/articles/7faafd29-a910-4d34-a657-6c76c94c0836.jpg	0.1	2025-11-11 01:46:39.3621	ce881bcf-4c93-4801-88b6-44ea8751f3fd
\.


--
-- Data for Name: block; Type: TABLE DATA; Schema: public; Owner: hugo
--

COPY public.block (id, curr_hash, data, mined_by, nonce, previous_hash, time_stamp) FROM stdin;
eb7ce8a4-82ba-43cb-a191-1ab5dbe9d9f9	5093e7709448c3d39b03f660306f2c0643797b2958d2cf5056f112a8a71bd98d	Transaction ID: 7fa29472-3757-48dd-8e69-8f5c653c139f	MIIDQjCCAjUGByqGSM44BAEwggIoAoIBAQCPeTXZuarpv6vtiHrPSVG28y7FnjuvNxjo6sSWHz79NgbnQ1GpxBgzObgJ58KuHFObp0dbhdARrbi0eYd1SYRpXKwOjxSzNggooi/6JxEKPWKpk0U0CaD+aWxGWPhL3SCBnDcJoBBXsZWtzQAjPbpUhLYpH51kjviDRIZ3l5zsBLQ0pqwudemYXeI9sCkvwRGMn/qdgYHnM423krcw17njSVkvaAmYchU5Feo9a4tGU8YzRY+AOzKkwuDycpAlbk4/ijsIOKHEUOThjBopo33fXqFD3ktm/wSQPtXPFiPhWNSHxgjpfyEc2B3KI8tuOAdl+CLjQr5ITAV2OTlgHNZnAh0AuvaWpoV499/e5/pnyXfHhe8ysjO65YDAvNVpXQKCAQAWplxYIEhQcE51AqOXVwQNNNo6NHjBVNTkpcAtJC7gT5bmHkvQkEq9rI837rHgnzGC0jyQQ8tkL4gAQWDt+coJsyB2p5wypifyRz6Rh5uixOdEvSCBVEy1W4AsNo0fqD7UielOD6BojjJCilx4xHjGjQUntxyaOrsLC+EsRGiWOefTznTbEBplqiuH9kxoJts+xy9LVZmDS7TtsC98kOmkltOlXVNb6/xF1PYZ9j897buHOSXC8iTgdzEpbaiH7B5HSPh++1/et1SEMWsiMt7lU92vAhErDR8C2jCXMiT+J67ai51LKSLZuovjntnhA6Y8UoELxoi34u1DFuHvF9veA4IBBQACggEAWR09e1SBfRbhKm4S7dAAdwMcnC29yMrQ0B1Q8hniHfh2fOMni62EphJBhlfwRkIjlsdWNfrOKYAY/JKgBywRr2us7hzw0GqNAwaNOzIvPP4Ls2bnxEyyRQNIbXHuEbFBjZxNjFP75OxVG7C9A/aCCPo6a0gH0nv/1fhX4Mh+lin3CuVP7+JapAiro6Yv+4Z0Hp0p2w13aeOZ0L1GXQxki7CWm5WJwNTPphOhb2TVUc85sH307iOtBU/+MuONhJJks0A9/ZM33UYqTdCTH8qSBZPuOdRR01YFFstIpse6a2xp2BVf64s/ZE/9bunntmEvPPaEfOow9ATlWVO7NWByfw==	0	0	1762818708724
d108883a-422a-49fd-a6e7-999dfd951736	c874b5bde8d0e04b14c3ebf0ac2e463c61ce0b13d70cf558e6d4287c74d303a0	Transaction ID: d427dec6-c2a8-409f-a517-fa8a65cb96aa	MIIDQjCCAjUGByqGSM44BAEwggIoAoIBAQCPeTXZuarpv6vtiHrPSVG28y7FnjuvNxjo6sSWHz79NgbnQ1GpxBgzObgJ58KuHFObp0dbhdARrbi0eYd1SYRpXKwOjxSzNggooi/6JxEKPWKpk0U0CaD+aWxGWPhL3SCBnDcJoBBXsZWtzQAjPbpUhLYpH51kjviDRIZ3l5zsBLQ0pqwudemYXeI9sCkvwRGMn/qdgYHnM423krcw17njSVkvaAmYchU5Feo9a4tGU8YzRY+AOzKkwuDycpAlbk4/ijsIOKHEUOThjBopo33fXqFD3ktm/wSQPtXPFiPhWNSHxgjpfyEc2B3KI8tuOAdl+CLjQr5ITAV2OTlgHNZnAh0AuvaWpoV499/e5/pnyXfHhe8ysjO65YDAvNVpXQKCAQAWplxYIEhQcE51AqOXVwQNNNo6NHjBVNTkpcAtJC7gT5bmHkvQkEq9rI837rHgnzGC0jyQQ8tkL4gAQWDt+coJsyB2p5wypifyRz6Rh5uixOdEvSCBVEy1W4AsNo0fqD7UielOD6BojjJCilx4xHjGjQUntxyaOrsLC+EsRGiWOefTznTbEBplqiuH9kxoJts+xy9LVZmDS7TtsC98kOmkltOlXVNb6/xF1PYZ9j897buHOSXC8iTgdzEpbaiH7B5HSPh++1/et1SEMWsiMt7lU92vAhErDR8C2jCXMiT+J67ai51LKSLZuovjntnhA6Y8UoELxoi34u1DFuHvF9veA4IBBQACggEAGiCmNLyNFKJCK2c4DW9q+mlRmAPX1TkHIKi2ankERqm2QEVwE31mTDFNa5wvPZPCalIZ/vQILQKvG9UMPEf7d8LY/YN0hhSdi29I/53e/JXBUE6FBQHuCccmJ2k3eiRMv1lvtG1bV4EBxDNJRZQFbiLMr58AfJ1nA7RYdgokpt6Pxl/AB6C9c0VUN4/Ot6quKWYGb1JewRLzmvDNkYFDH4FIiNR6EPnVey9va6/mEkws8WSnyJyic79hMK7mDJPphAHRC5epZeeTU73ThRrfHL+HEvjK6246zV2ic8/dsiupWTP7IENOYKqIoZOxmSR3jBljCOtDbWkTf8pbqVutMQ==	0	5093e7709448c3d39b03f660306f2c0643797b2958d2cf5056f112a8a71bd98d	1762819194187
5be3663b-b9f0-4d10-a6c2-5e0980b481e6	36e65a234382db088e58f10f3d6208d6735c468be24396432f100f14660f9992	Transaction ID: 6475f004-bbd1-4815-8207-c7b3308f9d9c	MIIDQzCCAjUGByqGSM44BAEwggIoAoIBAQCPeTXZuarpv6vtiHrPSVG28y7FnjuvNxjo6sSWHz79NgbnQ1GpxBgzObgJ58KuHFObp0dbhdARrbi0eYd1SYRpXKwOjxSzNggooi/6JxEKPWKpk0U0CaD+aWxGWPhL3SCBnDcJoBBXsZWtzQAjPbpUhLYpH51kjviDRIZ3l5zsBLQ0pqwudemYXeI9sCkvwRGMn/qdgYHnM423krcw17njSVkvaAmYchU5Feo9a4tGU8YzRY+AOzKkwuDycpAlbk4/ijsIOKHEUOThjBopo33fXqFD3ktm/wSQPtXPFiPhWNSHxgjpfyEc2B3KI8tuOAdl+CLjQr5ITAV2OTlgHNZnAh0AuvaWpoV499/e5/pnyXfHhe8ysjO65YDAvNVpXQKCAQAWplxYIEhQcE51AqOXVwQNNNo6NHjBVNTkpcAtJC7gT5bmHkvQkEq9rI837rHgnzGC0jyQQ8tkL4gAQWDt+coJsyB2p5wypifyRz6Rh5uixOdEvSCBVEy1W4AsNo0fqD7UielOD6BojjJCilx4xHjGjQUntxyaOrsLC+EsRGiWOefTznTbEBplqiuH9kxoJts+xy9LVZmDS7TtsC98kOmkltOlXVNb6/xF1PYZ9j897buHOSXC8iTgdzEpbaiH7B5HSPh++1/et1SEMWsiMt7lU92vAhErDR8C2jCXMiT+J67ai51LKSLZuovjntnhA6Y8UoELxoi34u1DFuHvF9veA4IBBgACggEBAII0SnePPfOx5K/BDtUcC+gHFWszZLDJKzvsTjwuDZULzQA8NsJNIL8VYvpMg7l6jqa8g4pLhiaj9JwAQ5eyZK3G58fcBMO8D5zgc9M1y0FoFpf8nE0qe12PqysO+/qvc2QBrK9eGGNUas6kFb8VSEUOw64bkibMeC/Jf2gPhH99pTUWqtrxQXOOLwIgpDbDZhZSbHBnMn5RByeP7yBi49VMaiXT1a9mHXK+5i+8+eL9ZKXLr2/ZNrDLk1RBewEq55W5IAqrOrW5lf6LKo8nIEGpQyHFJFfSMz6etIDpYb56GXRq2APdv9HuT2ay3CcHWOHzKEAHBd4kD47aGj9v9pU=	0	c874b5bde8d0e04b14c3ebf0ac2e463c61ce0b13d70cf558e6d4287c74d303a0	1762819222852
c33bcb08-b2fc-4c18-a91f-ba4953130b3b	0bffc45ddcb960336bd5f91bffe242f7fbd6eb941d8f354bcf1ca2fed3efbb61	Transaction ID: 279231b2-8868-4d48-86c3-eed896b5fcfc	MIIDQjCCAjUGByqGSM44BAEwggIoAoIBAQCPeTXZuarpv6vtiHrPSVG28y7FnjuvNxjo6sSWHz79NgbnQ1GpxBgzObgJ58KuHFObp0dbhdARrbi0eYd1SYRpXKwOjxSzNggooi/6JxEKPWKpk0U0CaD+aWxGWPhL3SCBnDcJoBBXsZWtzQAjPbpUhLYpH51kjviDRIZ3l5zsBLQ0pqwudemYXeI9sCkvwRGMn/qdgYHnM423krcw17njSVkvaAmYchU5Feo9a4tGU8YzRY+AOzKkwuDycpAlbk4/ijsIOKHEUOThjBopo33fXqFD3ktm/wSQPtXPFiPhWNSHxgjpfyEc2B3KI8tuOAdl+CLjQr5ITAV2OTlgHNZnAh0AuvaWpoV499/e5/pnyXfHhe8ysjO65YDAvNVpXQKCAQAWplxYIEhQcE51AqOXVwQNNNo6NHjBVNTkpcAtJC7gT5bmHkvQkEq9rI837rHgnzGC0jyQQ8tkL4gAQWDt+coJsyB2p5wypifyRz6Rh5uixOdEvSCBVEy1W4AsNo0fqD7UielOD6BojjJCilx4xHjGjQUntxyaOrsLC+EsRGiWOefTznTbEBplqiuH9kxoJts+xy9LVZmDS7TtsC98kOmkltOlXVNb6/xF1PYZ9j897buHOSXC8iTgdzEpbaiH7B5HSPh++1/et1SEMWsiMt7lU92vAhErDR8C2jCXMiT+J67ai51LKSLZuovjntnhA6Y8UoELxoi34u1DFuHvF9veA4IBBQACggEAPhBHEZ673jVutEYpZ0VRt4na/dRj6kBCwvkry2X+FHB6wOwX52Rkdsr+vhOg77bkoy//GEwFZiTpQRYd3Rt6wqsKkkJu4BdESUlagPHhE+Q7DtIF3Z/HXnPgHVmUh+CE54qze3S1/qYIeTCHLh5uraJBkpEQHWMg3Kh3MYPatsvolRpUiAO5kkjloh8n95xDnSl+A2A0UMa/aIbNBxiDl5/LZIMHKFvHj3kWdkPhAHq4uVZ1Y/fBhd+0aSWAFXXhkyvD4p7THaljGPL5JOnWavP6zqMinV1G2TM6Mz0Z+09/6hAAMxE5ukKPdT3epC8SShCBJLJD5eOYtc+o7pBNLw==	0	36e65a234382db088e58f10f3d6208d6735c468be24396432f100f14660f9992	1762819524702
bf87bd61-d5dc-4475-8459-b36a2cf4aefe	260db06456463490c742c75915e64943e763c0b8b92ab9dd34c1739328d66c73	Transaction ID: 02461591-81d9-4d02-a47e-9712f9d4e7eb	MIIDQjCCAjUGByqGSM44BAEwggIoAoIBAQCPeTXZuarpv6vtiHrPSVG28y7FnjuvNxjo6sSWHz79NgbnQ1GpxBgzObgJ58KuHFObp0dbhdARrbi0eYd1SYRpXKwOjxSzNggooi/6JxEKPWKpk0U0CaD+aWxGWPhL3SCBnDcJoBBXsZWtzQAjPbpUhLYpH51kjviDRIZ3l5zsBLQ0pqwudemYXeI9sCkvwRGMn/qdgYHnM423krcw17njSVkvaAmYchU5Feo9a4tGU8YzRY+AOzKkwuDycpAlbk4/ijsIOKHEUOThjBopo33fXqFD3ktm/wSQPtXPFiPhWNSHxgjpfyEc2B3KI8tuOAdl+CLjQr5ITAV2OTlgHNZnAh0AuvaWpoV499/e5/pnyXfHhe8ysjO65YDAvNVpXQKCAQAWplxYIEhQcE51AqOXVwQNNNo6NHjBVNTkpcAtJC7gT5bmHkvQkEq9rI837rHgnzGC0jyQQ8tkL4gAQWDt+coJsyB2p5wypifyRz6Rh5uixOdEvSCBVEy1W4AsNo0fqD7UielOD6BojjJCilx4xHjGjQUntxyaOrsLC+EsRGiWOefTznTbEBplqiuH9kxoJts+xy9LVZmDS7TtsC98kOmkltOlXVNb6/xF1PYZ9j897buHOSXC8iTgdzEpbaiH7B5HSPh++1/et1SEMWsiMt7lU92vAhErDR8C2jCXMiT+J67ai51LKSLZuovjntnhA6Y8UoELxoi34u1DFuHvF9veA4IBBQACggEAHokm8FsO048fkglCO80PVmzl5I5UPu3TUZwRLyPOWrZQ3zsKpXgVK5DQJf/UjhQDMIA1KvXKtUF1NlXviC7COxnyEpT64wI22eWBR/OZzjHSO+pjbPZKPDpSnhn+gtoXjzB+5BDQjdhNFSZCsqfcm54biGvfRCDPBK2sfFR827F3m8Ft4qQZcoL0GTCXlParfuf9p6dNWK9H1Uab+rBnT9p5Pyjl3IiM0E48p4UHPAKf59IJ5XAgsXElfw7Fd9EXMM9OCLLspwmATscDibN90pL8tUjQb4o7oL3sQycx78dQauotTG+VY6PqobxfjDYQro2eEzrRVpsbgM585Ja1Sw==	0	0bffc45ddcb960336bd5f91bffe242f7fbd6eb941d8f354bcf1ca2fed3efbb61	1762819812640
bf546d18-d9a3-443d-9361-e9e34eb7763b	e8028cb772aa8e6f877dd970eebbefce35db66b6130a48eb82d1459f4a5f9e52	Transaction ID: cd52cba2-c242-47ec-bb08-787ba3f83053	MIIDQjCCAjUGByqGSM44BAEwggIoAoIBAQCPeTXZuarpv6vtiHrPSVG28y7FnjuvNxjo6sSWHz79NgbnQ1GpxBgzObgJ58KuHFObp0dbhdARrbi0eYd1SYRpXKwOjxSzNggooi/6JxEKPWKpk0U0CaD+aWxGWPhL3SCBnDcJoBBXsZWtzQAjPbpUhLYpH51kjviDRIZ3l5zsBLQ0pqwudemYXeI9sCkvwRGMn/qdgYHnM423krcw17njSVkvaAmYchU5Feo9a4tGU8YzRY+AOzKkwuDycpAlbk4/ijsIOKHEUOThjBopo33fXqFD3ktm/wSQPtXPFiPhWNSHxgjpfyEc2B3KI8tuOAdl+CLjQr5ITAV2OTlgHNZnAh0AuvaWpoV499/e5/pnyXfHhe8ysjO65YDAvNVpXQKCAQAWplxYIEhQcE51AqOXVwQNNNo6NHjBVNTkpcAtJC7gT5bmHkvQkEq9rI837rHgnzGC0jyQQ8tkL4gAQWDt+coJsyB2p5wypifyRz6Rh5uixOdEvSCBVEy1W4AsNo0fqD7UielOD6BojjJCilx4xHjGjQUntxyaOrsLC+EsRGiWOefTznTbEBplqiuH9kxoJts+xy9LVZmDS7TtsC98kOmkltOlXVNb6/xF1PYZ9j897buHOSXC8iTgdzEpbaiH7B5HSPh++1/et1SEMWsiMt7lU92vAhErDR8C2jCXMiT+J67ai51LKSLZuovjntnhA6Y8UoELxoi34u1DFuHvF9veA4IBBQACggEAAXFn3y8zhTYG/vUNMZpKFBMlRygxGKF36eydUbkyByXpEIvPndzqlaUfb5k0h550iSdoOXMz5HFFOtLhcjqfaiS7VjrCVVMCHJbfpQqiZprchYZadBVpS6bj/paJX1Ylc81N9pllanH1oubpGkjyjGpLdSvTs4RtetXXIFPVuxOMLXYxfpshAr8mpZN6BrMYOEK6wCxIDV9ZNJGxXFY09JNWYXxWPXoy/4M1s66aVeysQ/NaT442DLodaBa1mYAUHl10R77J1GukoKp4VwRZIUiP0RCCOBm/s/c3XNuvb1qngHAB203jqx4SUNrvvdtTVZEB61etXqZiNP0DG90HdA==	0	260db06456463490c742c75915e64943e763c0b8b92ab9dd34c1739328d66c73	1762820359757
c4265db5-35a0-4eb7-9edd-49ef6ca98b43	e1dfb31b5f4968ae2e07c8d2c751b38812527916c9ea41ce44225c10bec11cc9	Transaction ID: b51e6538-8b53-4368-9a40-4138fd65ca7c	MIIDQjCCAjUGByqGSM44BAEwggIoAoIBAQCPeTXZuarpv6vtiHrPSVG28y7FnjuvNxjo6sSWHz79NgbnQ1GpxBgzObgJ58KuHFObp0dbhdARrbi0eYd1SYRpXKwOjxSzNggooi/6JxEKPWKpk0U0CaD+aWxGWPhL3SCBnDcJoBBXsZWtzQAjPbpUhLYpH51kjviDRIZ3l5zsBLQ0pqwudemYXeI9sCkvwRGMn/qdgYHnM423krcw17njSVkvaAmYchU5Feo9a4tGU8YzRY+AOzKkwuDycpAlbk4/ijsIOKHEUOThjBopo33fXqFD3ktm/wSQPtXPFiPhWNSHxgjpfyEc2B3KI8tuOAdl+CLjQr5ITAV2OTlgHNZnAh0AuvaWpoV499/e5/pnyXfHhe8ysjO65YDAvNVpXQKCAQAWplxYIEhQcE51AqOXVwQNNNo6NHjBVNTkpcAtJC7gT5bmHkvQkEq9rI837rHgnzGC0jyQQ8tkL4gAQWDt+coJsyB2p5wypifyRz6Rh5uixOdEvSCBVEy1W4AsNo0fqD7UielOD6BojjJCilx4xHjGjQUntxyaOrsLC+EsRGiWOefTznTbEBplqiuH9kxoJts+xy9LVZmDS7TtsC98kOmkltOlXVNb6/xF1PYZ9j897buHOSXC8iTgdzEpbaiH7B5HSPh++1/et1SEMWsiMt7lU92vAhErDR8C2jCXMiT+J67ai51LKSLZuovjntnhA6Y8UoELxoi34u1DFuHvF9veA4IBBQACggEAHokm8FsO048fkglCO80PVmzl5I5UPu3TUZwRLyPOWrZQ3zsKpXgVK5DQJf/UjhQDMIA1KvXKtUF1NlXviC7COxnyEpT64wI22eWBR/OZzjHSO+pjbPZKPDpSnhn+gtoXjzB+5BDQjdhNFSZCsqfcm54biGvfRCDPBK2sfFR827F3m8Ft4qQZcoL0GTCXlParfuf9p6dNWK9H1Uab+rBnT9p5Pyjl3IiM0E48p4UHPAKf59IJ5XAgsXElfw7Fd9EXMM9OCLLspwmATscDibN90pL8tUjQb4o7oL3sQycx78dQauotTG+VY6PqobxfjDYQro2eEzrRVpsbgM585Ja1Sw==	0	e8028cb772aa8e6f877dd970eebbefce35db66b6130a48eb82d1459f4a5f9e52	1762820626673
e7bb4df2-15bf-4811-add4-67f38525eb0c	7dbba92e52f35aea966f1ba0b9d5937f80e9cfc35f84c1a19ead0325224052af	Transaction ID: 9cd40d8b-4914-41eb-aaf9-66006dc58900	MIIDQjCCAjUGByqGSM44BAEwggIoAoIBAQCPeTXZuarpv6vtiHrPSVG28y7FnjuvNxjo6sSWHz79NgbnQ1GpxBgzObgJ58KuHFObp0dbhdARrbi0eYd1SYRpXKwOjxSzNggooi/6JxEKPWKpk0U0CaD+aWxGWPhL3SCBnDcJoBBXsZWtzQAjPbpUhLYpH51kjviDRIZ3l5zsBLQ0pqwudemYXeI9sCkvwRGMn/qdgYHnM423krcw17njSVkvaAmYchU5Feo9a4tGU8YzRY+AOzKkwuDycpAlbk4/ijsIOKHEUOThjBopo33fXqFD3ktm/wSQPtXPFiPhWNSHxgjpfyEc2B3KI8tuOAdl+CLjQr5ITAV2OTlgHNZnAh0AuvaWpoV499/e5/pnyXfHhe8ysjO65YDAvNVpXQKCAQAWplxYIEhQcE51AqOXVwQNNNo6NHjBVNTkpcAtJC7gT5bmHkvQkEq9rI837rHgnzGC0jyQQ8tkL4gAQWDt+coJsyB2p5wypifyRz6Rh5uixOdEvSCBVEy1W4AsNo0fqD7UielOD6BojjJCilx4xHjGjQUntxyaOrsLC+EsRGiWOefTznTbEBplqiuH9kxoJts+xy9LVZmDS7TtsC98kOmkltOlXVNb6/xF1PYZ9j897buHOSXC8iTgdzEpbaiH7B5HSPh++1/et1SEMWsiMt7lU92vAhErDR8C2jCXMiT+J67ai51LKSLZuovjntnhA6Y8UoELxoi34u1DFuHvF9veA4IBBQACggEAGiCmNLyNFKJCK2c4DW9q+mlRmAPX1TkHIKi2ankERqm2QEVwE31mTDFNa5wvPZPCalIZ/vQILQKvG9UMPEf7d8LY/YN0hhSdi29I/53e/JXBUE6FBQHuCccmJ2k3eiRMv1lvtG1bV4EBxDNJRZQFbiLMr58AfJ1nA7RYdgokpt6Pxl/AB6C9c0VUN4/Ot6quKWYGb1JewRLzmvDNkYFDH4FIiNR6EPnVey9va6/mEkws8WSnyJyic79hMK7mDJPphAHRC5epZeeTU73ThRrfHL+HEvjK6246zV2ic8/dsiupWTP7IENOYKqIoZOxmSR3jBljCOtDbWkTf8pbqVutMQ==	0	e1dfb31b5f4968ae2e07c8d2c751b38812527916c9ea41ce44225c10bec11cc9	1762821813651
2a8d01c4-2820-429d-9d97-71d85b6d408b	8b4c92598c8e9056e440b2f3acd6dce9cf5e09b428fc096d5ad7f90392bd55a0	Transaction ID: 45977760-d823-4293-86ba-0ec7fe8285c8	MIIDQjCCAjUGByqGSM44BAEwggIoAoIBAQCPeTXZuarpv6vtiHrPSVG28y7FnjuvNxjo6sSWHz79NgbnQ1GpxBgzObgJ58KuHFObp0dbhdARrbi0eYd1SYRpXKwOjxSzNggooi/6JxEKPWKpk0U0CaD+aWxGWPhL3SCBnDcJoBBXsZWtzQAjPbpUhLYpH51kjviDRIZ3l5zsBLQ0pqwudemYXeI9sCkvwRGMn/qdgYHnM423krcw17njSVkvaAmYchU5Feo9a4tGU8YzRY+AOzKkwuDycpAlbk4/ijsIOKHEUOThjBopo33fXqFD3ktm/wSQPtXPFiPhWNSHxgjpfyEc2B3KI8tuOAdl+CLjQr5ITAV2OTlgHNZnAh0AuvaWpoV499/e5/pnyXfHhe8ysjO65YDAvNVpXQKCAQAWplxYIEhQcE51AqOXVwQNNNo6NHjBVNTkpcAtJC7gT5bmHkvQkEq9rI837rHgnzGC0jyQQ8tkL4gAQWDt+coJsyB2p5wypifyRz6Rh5uixOdEvSCBVEy1W4AsNo0fqD7UielOD6BojjJCilx4xHjGjQUntxyaOrsLC+EsRGiWOefTznTbEBplqiuH9kxoJts+xy9LVZmDS7TtsC98kOmkltOlXVNb6/xF1PYZ9j897buHOSXC8iTgdzEpbaiH7B5HSPh++1/et1SEMWsiMt7lU92vAhErDR8C2jCXMiT+J67ai51LKSLZuovjntnhA6Y8UoELxoi34u1DFuHvF9veA4IBBQACggEAGiCmNLyNFKJCK2c4DW9q+mlRmAPX1TkHIKi2ankERqm2QEVwE31mTDFNa5wvPZPCalIZ/vQILQKvG9UMPEf7d8LY/YN0hhSdi29I/53e/JXBUE6FBQHuCccmJ2k3eiRMv1lvtG1bV4EBxDNJRZQFbiLMr58AfJ1nA7RYdgokpt6Pxl/AB6C9c0VUN4/Ot6quKWYGb1JewRLzmvDNkYFDH4FIiNR6EPnVey9va6/mEkws8WSnyJyic79hMK7mDJPphAHRC5epZeeTU73ThRrfHL+HEvjK6246zV2ic8/dsiupWTP7IENOYKqIoZOxmSR3jBljCOtDbWkTf8pbqVutMQ==	0	7dbba92e52f35aea966f1ba0b9d5937f80e9cfc35f84c1a19ead0325224052af	1762821999037
\.


--
-- Data for Name: categories; Type: TABLE DATA; Schema: public; Owner: hugo
--

COPY public.categories (id, description, name) FROM stdin;
4d237f1c-32d6-4fef-8589-f27c35e5ec68	petite boisson	boisson
acd6f2a9-8097-41af-8dc4-298343ce3ae3	miam	repas
f3b7ad8d-1363-4b35-b94a-dc70cc020c3a	vroom	classe g 
\.


--
-- Data for Name: roles; Type: TABLE DATA; Schema: public; Owner: hugo
--

COPY public.roles (id, name) FROM stdin;
cdcd02e0-3e87-4710-a109-144e6389ba01	USER
c4129483-1eff-421c-80c2-209539383225	ADMIN
\.


--
-- Data for Name: transactions; Type: TABLE DATA; Schema: public; Owner: hugo
--

COPY public.transactions (id, from_address, from_string, signature, signature_string, "timestamp", to_address, to_string, value, block_id) FROM stdin;
7fa29472-3757-48dd-8e69-8f5c653c139f	49256	MIIDQjCCAjUGByqGSM44BAEwggIoAoIBAQCPeTXZuarpv6vtiHrPSVG28y7FnjuvNxjo6sSWHz79NgbnQ1GpxBgzObgJ58KuHFObp0dbhdARrbi0eYd1SYRpXKwOjxSzNggooi/6JxEKPWKpk0U0CaD+aWxGWPhL3SCBnDcJoBBXsZWtzQAjPbpUhLYpH51kjviDRIZ3l5zsBLQ0pqwudemYXeI9sCkvwRGMn/qdgYHnM423krcw17njSVkvaAmYchU5Feo9a4tGU8YzRY+AOzKkwuDycpAlbk4/ijsIOKHEUOThjBopo33fXqFD3ktm/wSQPtXPFiPhWNSHxgjpfyEc2B3KI8tuOAdl+CLjQr5ITAV2OTlgHNZnAh0AuvaWpoV499/e5/pnyXfHhe8ysjO65YDAvNVpXQKCAQAWplxYIEhQcE51AqOXVwQNNNo6NHjBVNTkpcAtJC7gT5bmHkvQkEq9rI837rHgnzGC0jyQQ8tkL4gAQWDt+coJsyB2p5wypifyRz6Rh5uixOdEvSCBVEy1W4AsNo0fqD7UielOD6BojjJCilx4xHjGjQUntxyaOrsLC+EsRGiWOefTznTbEBplqiuH9kxoJts+xy9LVZmDS7TtsC98kOmkltOlXVNb6/xF1PYZ9j897buHOSXC8iTgdzEpbaiH7B5HSPh++1/et1SEMWsiMt7lU92vAhErDR8C2jCXMiT+J67ai51LKSLZuovjntnhA6Y8UoELxoi34u1DFuHvF9veA4IBBQACggEAWR09e1SBfRbhKm4S7dAAdwMcnC29yMrQ0B1Q8hniHfh2fOMni62EphJBhlfwRkIjlsdWNfrOKYAY/JKgBywRr2us7hzw0GqNAwaNOzIvPP4Ls2bnxEyyRQNIbXHuEbFBjZxNjFP75OxVG7C9A/aCCPo6a0gH0nv/1fhX4Mh+lin3CuVP7+JapAiro6Yv+4Z0Hp0p2w13aeOZ0L1GXQxki7CWm5WJwNTPphOhb2TVUc85sH307iOtBU/+MuONhJJks0A9/ZM33UYqTdCTH8qSBZPuOdRR01YFFstIpse6a2xp2BVf64s/ZE/9bunntmEvPPaEfOow9ATlWVO7NWByfw==	49257	MD0CHQCe+EoPWCEYr3jm3QeB6K2qCEzTsB9w+1YdFWtvAhxDQgSxunvK4//Exvem5Yt+DUniQA1U7k7p6Pz+	2025-11-11T00:51:48.822050200	49258	MIIDQjCCAjUGByqGSM44BAEwggIoAoIBAQCPeTXZuarpv6vtiHrPSVG28y7FnjuvNxjo6sSWHz79NgbnQ1GpxBgzObgJ58KuHFObp0dbhdARrbi0eYd1SYRpXKwOjxSzNggooi/6JxEKPWKpk0U0CaD+aWxGWPhL3SCBnDcJoBBXsZWtzQAjPbpUhLYpH51kjviDRIZ3l5zsBLQ0pqwudemYXeI9sCkvwRGMn/qdgYHnM423krcw17njSVkvaAmYchU5Feo9a4tGU8YzRY+AOzKkwuDycpAlbk4/ijsIOKHEUOThjBopo33fXqFD3ktm/wSQPtXPFiPhWNSHxgjpfyEc2B3KI8tuOAdl+CLjQr5ITAV2OTlgHNZnAh0AuvaWpoV499/e5/pnyXfHhe8ysjO65YDAvNVpXQKCAQAWplxYIEhQcE51AqOXVwQNNNo6NHjBVNTkpcAtJC7gT5bmHkvQkEq9rI837rHgnzGC0jyQQ8tkL4gAQWDt+coJsyB2p5wypifyRz6Rh5uixOdEvSCBVEy1W4AsNo0fqD7UielOD6BojjJCilx4xHjGjQUntxyaOrsLC+EsRGiWOefTznTbEBplqiuH9kxoJts+xy9LVZmDS7TtsC98kOmkltOlXVNb6/xF1PYZ9j897buHOSXC8iTgdzEpbaiH7B5HSPh++1/et1SEMWsiMt7lU92vAhErDR8C2jCXMiT+J67ai51LKSLZuovjntnhA6Y8UoELxoi34u1DFuHvF9veA4IBBQACggEAU87uUyyKiBIktAq6FsSnZyWGRM/s9yGXcADYBDEKFzlZsCtYMbF4WKsyUs3XieJ4VHKjS1CybSbbgSh1KJue4qvVlYz6mwHHGvvaG0rclLRWwuKNbE4p1ZqzP0LGyevN2LTDlSMKxMABENDlugAtjruUBdlU8BKqXz7h11R4QQqkNzy+oTt7A0fjq/qvaIfDiOvQbqjq7RZRNjUHrt9+NYM6YZccU0rEh7nwCfyafpIUlIWI+VdGXxNS5dl2mZwTiPX7W1pXDcAkPTL8pUnX9UvO/AHbZkgyIjedLIBXZfv3/VSRqxoxzyftRmndXaWWoazyh1geAAmWkRQZs+Af3w==	1	eb7ce8a4-82ba-43cb-a191-1ab5dbe9d9f9
d427dec6-c2a8-409f-a517-fa8a65cb96aa	49261	MIIDQjCCAjUGByqGSM44BAEwggIoAoIBAQCPeTXZuarpv6vtiHrPSVG28y7FnjuvNxjo6sSWHz79NgbnQ1GpxBgzObgJ58KuHFObp0dbhdARrbi0eYd1SYRpXKwOjxSzNggooi/6JxEKPWKpk0U0CaD+aWxGWPhL3SCBnDcJoBBXsZWtzQAjPbpUhLYpH51kjviDRIZ3l5zsBLQ0pqwudemYXeI9sCkvwRGMn/qdgYHnM423krcw17njSVkvaAmYchU5Feo9a4tGU8YzRY+AOzKkwuDycpAlbk4/ijsIOKHEUOThjBopo33fXqFD3ktm/wSQPtXPFiPhWNSHxgjpfyEc2B3KI8tuOAdl+CLjQr5ITAV2OTlgHNZnAh0AuvaWpoV499/e5/pnyXfHhe8ysjO65YDAvNVpXQKCAQAWplxYIEhQcE51AqOXVwQNNNo6NHjBVNTkpcAtJC7gT5bmHkvQkEq9rI837rHgnzGC0jyQQ8tkL4gAQWDt+coJsyB2p5wypifyRz6Rh5uixOdEvSCBVEy1W4AsNo0fqD7UielOD6BojjJCilx4xHjGjQUntxyaOrsLC+EsRGiWOefTznTbEBplqiuH9kxoJts+xy9LVZmDS7TtsC98kOmkltOlXVNb6/xF1PYZ9j897buHOSXC8iTgdzEpbaiH7B5HSPh++1/et1SEMWsiMt7lU92vAhErDR8C2jCXMiT+J67ai51LKSLZuovjntnhA6Y8UoELxoi34u1DFuHvF9veA4IBBQACggEAGiCmNLyNFKJCK2c4DW9q+mlRmAPX1TkHIKi2ankERqm2QEVwE31mTDFNa5wvPZPCalIZ/vQILQKvG9UMPEf7d8LY/YN0hhSdi29I/53e/JXBUE6FBQHuCccmJ2k3eiRMv1lvtG1bV4EBxDNJRZQFbiLMr58AfJ1nA7RYdgokpt6Pxl/AB6C9c0VUN4/Ot6quKWYGb1JewRLzmvDNkYFDH4FIiNR6EPnVey9va6/mEkws8WSnyJyic79hMK7mDJPphAHRC5epZeeTU73ThRrfHL+HEvjK6246zV2ic8/dsiupWTP7IENOYKqIoZOxmSR3jBljCOtDbWkTf8pbqVutMQ==	49262	MD0CHCYRw5iV4J1vZ8HruJfeT/qgUMkmalCNU6LP7RMCHQC4BhpM7YTpYXtuN/VaCcKAIUeHBEJHNZEZvlmW	2025-11-11T00:59:54.244926359	49263	MIIDQjCCAjUGByqGSM44BAEwggIoAoIBAQCPeTXZuarpv6vtiHrPSVG28y7FnjuvNxjo6sSWHz79NgbnQ1GpxBgzObgJ58KuHFObp0dbhdARrbi0eYd1SYRpXKwOjxSzNggooi/6JxEKPWKpk0U0CaD+aWxGWPhL3SCBnDcJoBBXsZWtzQAjPbpUhLYpH51kjviDRIZ3l5zsBLQ0pqwudemYXeI9sCkvwRGMn/qdgYHnM423krcw17njSVkvaAmYchU5Feo9a4tGU8YzRY+AOzKkwuDycpAlbk4/ijsIOKHEUOThjBopo33fXqFD3ktm/wSQPtXPFiPhWNSHxgjpfyEc2B3KI8tuOAdl+CLjQr5ITAV2OTlgHNZnAh0AuvaWpoV499/e5/pnyXfHhe8ysjO65YDAvNVpXQKCAQAWplxYIEhQcE51AqOXVwQNNNo6NHjBVNTkpcAtJC7gT5bmHkvQkEq9rI837rHgnzGC0jyQQ8tkL4gAQWDt+coJsyB2p5wypifyRz6Rh5uixOdEvSCBVEy1W4AsNo0fqD7UielOD6BojjJCilx4xHjGjQUntxyaOrsLC+EsRGiWOefTznTbEBplqiuH9kxoJts+xy9LVZmDS7TtsC98kOmkltOlXVNb6/xF1PYZ9j897buHOSXC8iTgdzEpbaiH7B5HSPh++1/et1SEMWsiMt7lU92vAhErDR8C2jCXMiT+J67ai51LKSLZuovjntnhA6Y8UoELxoi34u1DFuHvF9veA4IBBQACggEAeIs+pkWUGTgUFbI90XyBiTvuYfenNcl0jX642di9140aSQThLgmnaW/KZYh7ld3heELGi18oRFWJQBlbU84/92u3qLKV4oQFAA69St75kYsAhe0QxM3EVbk+khRW1PdocbzEC4UDTg1s119Wge9navlLa7ejUQzI543q3Op2VaZjKCKrpiaYxuLFpWulunv3CtUs60DXuDFaOgF5wsIE7h/mTBpvbq7yRmi+0lS9lKeq7eaP1LTLNucNYfa7M208Qa5db9ZGNy4l8VTne+OZ8vq3SFj1xRinFLzimr6ukBf6HwJnKrZX76MzlG3+/pZp0qvKFJcU1HXOO4+VqvbmBA==	31	d108883a-422a-49fd-a6e7-999dfd951736
6475f004-bbd1-4815-8207-c7b3308f9d9c	49266	MIIDQzCCAjUGByqGSM44BAEwggIoAoIBAQCPeTXZuarpv6vtiHrPSVG28y7FnjuvNxjo6sSWHz79NgbnQ1GpxBgzObgJ58KuHFObp0dbhdARrbi0eYd1SYRpXKwOjxSzNggooi/6JxEKPWKpk0U0CaD+aWxGWPhL3SCBnDcJoBBXsZWtzQAjPbpUhLYpH51kjviDRIZ3l5zsBLQ0pqwudemYXeI9sCkvwRGMn/qdgYHnM423krcw17njSVkvaAmYchU5Feo9a4tGU8YzRY+AOzKkwuDycpAlbk4/ijsIOKHEUOThjBopo33fXqFD3ktm/wSQPtXPFiPhWNSHxgjpfyEc2B3KI8tuOAdl+CLjQr5ITAV2OTlgHNZnAh0AuvaWpoV499/e5/pnyXfHhe8ysjO65YDAvNVpXQKCAQAWplxYIEhQcE51AqOXVwQNNNo6NHjBVNTkpcAtJC7gT5bmHkvQkEq9rI837rHgnzGC0jyQQ8tkL4gAQWDt+coJsyB2p5wypifyRz6Rh5uixOdEvSCBVEy1W4AsNo0fqD7UielOD6BojjJCilx4xHjGjQUntxyaOrsLC+EsRGiWOefTznTbEBplqiuH9kxoJts+xy9LVZmDS7TtsC98kOmkltOlXVNb6/xF1PYZ9j897buHOSXC8iTgdzEpbaiH7B5HSPh++1/et1SEMWsiMt7lU92vAhErDR8C2jCXMiT+J67ai51LKSLZuovjntnhA6Y8UoELxoi34u1DFuHvF9veA4IBBgACggEBAII0SnePPfOx5K/BDtUcC+gHFWszZLDJKzvsTjwuDZULzQA8NsJNIL8VYvpMg7l6jqa8g4pLhiaj9JwAQ5eyZK3G58fcBMO8D5zgc9M1y0FoFpf8nE0qe12PqysO+/qvc2QBrK9eGGNUas6kFb8VSEUOw64bkibMeC/Jf2gPhH99pTUWqtrxQXOOLwIgpDbDZhZSbHBnMn5RByeP7yBi49VMaiXT1a9mHXK+5i+8+eL9ZKXLr2/ZNrDLk1RBewEq55W5IAqrOrW5lf6LKo8nIEGpQyHFJFfSMz6etIDpYb56GXRq2APdv9HuT2ay3CcHWOHzKEAHBd4kD47aGj9v9pU=	49267	MD4CHQCtwMEOBdbdlWf9Ca8Vm7JUbRUW5/2E1rzQQ7UXAh0Aj09T8uakqECtI/eMLRw4dBWNexBrlZOKGsWZMg==	2025-11-11T01:00:22.870045549	49268	MIIDQjCCAjUGByqGSM44BAEwggIoAoIBAQCPeTXZuarpv6vtiHrPSVG28y7FnjuvNxjo6sSWHz79NgbnQ1GpxBgzObgJ58KuHFObp0dbhdARrbi0eYd1SYRpXKwOjxSzNggooi/6JxEKPWKpk0U0CaD+aWxGWPhL3SCBnDcJoBBXsZWtzQAjPbpUhLYpH51kjviDRIZ3l5zsBLQ0pqwudemYXeI9sCkvwRGMn/qdgYHnM423krcw17njSVkvaAmYchU5Feo9a4tGU8YzRY+AOzKkwuDycpAlbk4/ijsIOKHEUOThjBopo33fXqFD3ktm/wSQPtXPFiPhWNSHxgjpfyEc2B3KI8tuOAdl+CLjQr5ITAV2OTlgHNZnAh0AuvaWpoV499/e5/pnyXfHhe8ysjO65YDAvNVpXQKCAQAWplxYIEhQcE51AqOXVwQNNNo6NHjBVNTkpcAtJC7gT5bmHkvQkEq9rI837rHgnzGC0jyQQ8tkL4gAQWDt+coJsyB2p5wypifyRz6Rh5uixOdEvSCBVEy1W4AsNo0fqD7UielOD6BojjJCilx4xHjGjQUntxyaOrsLC+EsRGiWOefTznTbEBplqiuH9kxoJts+xy9LVZmDS7TtsC98kOmkltOlXVNb6/xF1PYZ9j897buHOSXC8iTgdzEpbaiH7B5HSPh++1/et1SEMWsiMt7lU92vAhErDR8C2jCXMiT+J67ai51LKSLZuovjntnhA6Y8UoELxoi34u1DFuHvF9veA4IBBQACggEAeIs+pkWUGTgUFbI90XyBiTvuYfenNcl0jX642di9140aSQThLgmnaW/KZYh7ld3heELGi18oRFWJQBlbU84/92u3qLKV4oQFAA69St75kYsAhe0QxM3EVbk+khRW1PdocbzEC4UDTg1s119Wge9navlLa7ejUQzI543q3Op2VaZjKCKrpiaYxuLFpWulunv3CtUs60DXuDFaOgF5wsIE7h/mTBpvbq7yRmi+0lS9lKeq7eaP1LTLNucNYfa7M208Qa5db9ZGNy4l8VTne+OZ8vq3SFj1xRinFLzimr6ukBf6HwJnKrZX76MzlG3+/pZp0qvKFJcU1HXOO4+VqvbmBA==	90	5be3663b-b9f0-4d10-a6c2-5e0980b481e6
279231b2-8868-4d48-86c3-eed896b5fcfc	49271	MIIDQjCCAjUGByqGSM44BAEwggIoAoIBAQCPeTXZuarpv6vtiHrPSVG28y7FnjuvNxjo6sSWHz79NgbnQ1GpxBgzObgJ58KuHFObp0dbhdARrbi0eYd1SYRpXKwOjxSzNggooi/6JxEKPWKpk0U0CaD+aWxGWPhL3SCBnDcJoBBXsZWtzQAjPbpUhLYpH51kjviDRIZ3l5zsBLQ0pqwudemYXeI9sCkvwRGMn/qdgYHnM423krcw17njSVkvaAmYchU5Feo9a4tGU8YzRY+AOzKkwuDycpAlbk4/ijsIOKHEUOThjBopo33fXqFD3ktm/wSQPtXPFiPhWNSHxgjpfyEc2B3KI8tuOAdl+CLjQr5ITAV2OTlgHNZnAh0AuvaWpoV499/e5/pnyXfHhe8ysjO65YDAvNVpXQKCAQAWplxYIEhQcE51AqOXVwQNNNo6NHjBVNTkpcAtJC7gT5bmHkvQkEq9rI837rHgnzGC0jyQQ8tkL4gAQWDt+coJsyB2p5wypifyRz6Rh5uixOdEvSCBVEy1W4AsNo0fqD7UielOD6BojjJCilx4xHjGjQUntxyaOrsLC+EsRGiWOefTznTbEBplqiuH9kxoJts+xy9LVZmDS7TtsC98kOmkltOlXVNb6/xF1PYZ9j897buHOSXC8iTgdzEpbaiH7B5HSPh++1/et1SEMWsiMt7lU92vAhErDR8C2jCXMiT+J67ai51LKSLZuovjntnhA6Y8UoELxoi34u1DFuHvF9veA4IBBQACggEAPhBHEZ673jVutEYpZ0VRt4na/dRj6kBCwvkry2X+FHB6wOwX52Rkdsr+vhOg77bkoy//GEwFZiTpQRYd3Rt6wqsKkkJu4BdESUlagPHhE+Q7DtIF3Z/HXnPgHVmUh+CE54qze3S1/qYIeTCHLh5uraJBkpEQHWMg3Kh3MYPatsvolRpUiAO5kkjloh8n95xDnSl+A2A0UMa/aIbNBxiDl5/LZIMHKFvHj3kWdkPhAHq4uVZ1Y/fBhd+0aSWAFXXhkyvD4p7THaljGPL5JOnWavP6zqMinV1G2TM6Mz0Z+09/6hAAMxE5ukKPdT3epC8SShCBJLJD5eOYtc+o7pBNLw==	49272	MDwCHH/Hrht+aSg0iYdHyA1MIenK5A9vsGvi4F58QfACHCgy/7w73zXL5dY1awDjkUNm+UshVzmrMxZpLEo=	2025-11-11T01:05:24.751207	49273	MIIDQjCCAjUGByqGSM44BAEwggIoAoIBAQCPeTXZuarpv6vtiHrPSVG28y7FnjuvNxjo6sSWHz79NgbnQ1GpxBgzObgJ58KuHFObp0dbhdARrbi0eYd1SYRpXKwOjxSzNggooi/6JxEKPWKpk0U0CaD+aWxGWPhL3SCBnDcJoBBXsZWtzQAjPbpUhLYpH51kjviDRIZ3l5zsBLQ0pqwudemYXeI9sCkvwRGMn/qdgYHnM423krcw17njSVkvaAmYchU5Feo9a4tGU8YzRY+AOzKkwuDycpAlbk4/ijsIOKHEUOThjBopo33fXqFD3ktm/wSQPtXPFiPhWNSHxgjpfyEc2B3KI8tuOAdl+CLjQr5ITAV2OTlgHNZnAh0AuvaWpoV499/e5/pnyXfHhe8ysjO65YDAvNVpXQKCAQAWplxYIEhQcE51AqOXVwQNNNo6NHjBVNTkpcAtJC7gT5bmHkvQkEq9rI837rHgnzGC0jyQQ8tkL4gAQWDt+coJsyB2p5wypifyRz6Rh5uixOdEvSCBVEy1W4AsNo0fqD7UielOD6BojjJCilx4xHjGjQUntxyaOrsLC+EsRGiWOefTznTbEBplqiuH9kxoJts+xy9LVZmDS7TtsC98kOmkltOlXVNb6/xF1PYZ9j897buHOSXC8iTgdzEpbaiH7B5HSPh++1/et1SEMWsiMt7lU92vAhErDR8C2jCXMiT+J67ai51LKSLZuovjntnhA6Y8UoELxoi34u1DFuHvF9veA4IBBQACggEAHokm8FsO048fkglCO80PVmzl5I5UPu3TUZwRLyPOWrZQ3zsKpXgVK5DQJf/UjhQDMIA1KvXKtUF1NlXviC7COxnyEpT64wI22eWBR/OZzjHSO+pjbPZKPDpSnhn+gtoXjzB+5BDQjdhNFSZCsqfcm54biGvfRCDPBK2sfFR827F3m8Ft4qQZcoL0GTCXlParfuf9p6dNWK9H1Uab+rBnT9p5Pyjl3IiM0E48p4UHPAKf59IJ5XAgsXElfw7Fd9EXMM9OCLLspwmATscDibN90pL8tUjQb4o7oL3sQycx78dQauotTG+VY6PqobxfjDYQro2eEzrRVpsbgM585Ja1Sw==	100	c33bcb08-b2fc-4c18-a91f-ba4953130b3b
02461591-81d9-4d02-a47e-9712f9d4e7eb	49276	MIIDQjCCAjUGByqGSM44BAEwggIoAoIBAQCPeTXZuarpv6vtiHrPSVG28y7FnjuvNxjo6sSWHz79NgbnQ1GpxBgzObgJ58KuHFObp0dbhdARrbi0eYd1SYRpXKwOjxSzNggooi/6JxEKPWKpk0U0CaD+aWxGWPhL3SCBnDcJoBBXsZWtzQAjPbpUhLYpH51kjviDRIZ3l5zsBLQ0pqwudemYXeI9sCkvwRGMn/qdgYHnM423krcw17njSVkvaAmYchU5Feo9a4tGU8YzRY+AOzKkwuDycpAlbk4/ijsIOKHEUOThjBopo33fXqFD3ktm/wSQPtXPFiPhWNSHxgjpfyEc2B3KI8tuOAdl+CLjQr5ITAV2OTlgHNZnAh0AuvaWpoV499/e5/pnyXfHhe8ysjO65YDAvNVpXQKCAQAWplxYIEhQcE51AqOXVwQNNNo6NHjBVNTkpcAtJC7gT5bmHkvQkEq9rI837rHgnzGC0jyQQ8tkL4gAQWDt+coJsyB2p5wypifyRz6Rh5uixOdEvSCBVEy1W4AsNo0fqD7UielOD6BojjJCilx4xHjGjQUntxyaOrsLC+EsRGiWOefTznTbEBplqiuH9kxoJts+xy9LVZmDS7TtsC98kOmkltOlXVNb6/xF1PYZ9j897buHOSXC8iTgdzEpbaiH7B5HSPh++1/et1SEMWsiMt7lU92vAhErDR8C2jCXMiT+J67ai51LKSLZuovjntnhA6Y8UoELxoi34u1DFuHvF9veA4IBBQACggEAHokm8FsO048fkglCO80PVmzl5I5UPu3TUZwRLyPOWrZQ3zsKpXgVK5DQJf/UjhQDMIA1KvXKtUF1NlXviC7COxnyEpT64wI22eWBR/OZzjHSO+pjbPZKPDpSnhn+gtoXjzB+5BDQjdhNFSZCsqfcm54biGvfRCDPBK2sfFR827F3m8Ft4qQZcoL0GTCXlParfuf9p6dNWK9H1Uab+rBnT9p5Pyjl3IiM0E48p4UHPAKf59IJ5XAgsXElfw7Fd9EXMM9OCLLspwmATscDibN90pL8tUjQb4o7oL3sQycx78dQauotTG+VY6PqobxfjDYQro2eEzrRVpsbgM585Ja1Sw==	49277	MD4CHQCL4U2poAettg3hV7hNfPRXxBsa5I8fjCiVBdmMAh0AnH9KKivOx8+YeG3xJwzVsw7j6vq0YWzIBzzqJA==	2025-11-11T01:10:12.674026	49278	MIIDQjCCAjUGByqGSM44BAEwggIoAoIBAQCPeTXZuarpv6vtiHrPSVG28y7FnjuvNxjo6sSWHz79NgbnQ1GpxBgzObgJ58KuHFObp0dbhdARrbi0eYd1SYRpXKwOjxSzNggooi/6JxEKPWKpk0U0CaD+aWxGWPhL3SCBnDcJoBBXsZWtzQAjPbpUhLYpH51kjviDRIZ3l5zsBLQ0pqwudemYXeI9sCkvwRGMn/qdgYHnM423krcw17njSVkvaAmYchU5Feo9a4tGU8YzRY+AOzKkwuDycpAlbk4/ijsIOKHEUOThjBopo33fXqFD3ktm/wSQPtXPFiPhWNSHxgjpfyEc2B3KI8tuOAdl+CLjQr5ITAV2OTlgHNZnAh0AuvaWpoV499/e5/pnyXfHhe8ysjO65YDAvNVpXQKCAQAWplxYIEhQcE51AqOXVwQNNNo6NHjBVNTkpcAtJC7gT5bmHkvQkEq9rI837rHgnzGC0jyQQ8tkL4gAQWDt+coJsyB2p5wypifyRz6Rh5uixOdEvSCBVEy1W4AsNo0fqD7UielOD6BojjJCilx4xHjGjQUntxyaOrsLC+EsRGiWOefTznTbEBplqiuH9kxoJts+xy9LVZmDS7TtsC98kOmkltOlXVNb6/xF1PYZ9j897buHOSXC8iTgdzEpbaiH7B5HSPh++1/et1SEMWsiMt7lU92vAhErDR8C2jCXMiT+J67ai51LKSLZuovjntnhA6Y8UoELxoi34u1DFuHvF9veA4IBBQACggEAPhBHEZ673jVutEYpZ0VRt4na/dRj6kBCwvkry2X+FHB6wOwX52Rkdsr+vhOg77bkoy//GEwFZiTpQRYd3Rt6wqsKkkJu4BdESUlagPHhE+Q7DtIF3Z/HXnPgHVmUh+CE54qze3S1/qYIeTCHLh5uraJBkpEQHWMg3Kh3MYPatsvolRpUiAO5kkjloh8n95xDnSl+A2A0UMa/aIbNBxiDl5/LZIMHKFvHj3kWdkPhAHq4uVZ1Y/fBhd+0aSWAFXXhkyvD4p7THaljGPL5JOnWavP6zqMinV1G2TM6Mz0Z+09/6hAAMxE5ukKPdT3epC8SShCBJLJD5eOYtc+o7pBNLw==	80	bf87bd61-d5dc-4475-8459-b36a2cf4aefe
cd52cba2-c242-47ec-bb08-787ba3f83053	49281	MIIDQjCCAjUGByqGSM44BAEwggIoAoIBAQCPeTXZuarpv6vtiHrPSVG28y7FnjuvNxjo6sSWHz79NgbnQ1GpxBgzObgJ58KuHFObp0dbhdARrbi0eYd1SYRpXKwOjxSzNggooi/6JxEKPWKpk0U0CaD+aWxGWPhL3SCBnDcJoBBXsZWtzQAjPbpUhLYpH51kjviDRIZ3l5zsBLQ0pqwudemYXeI9sCkvwRGMn/qdgYHnM423krcw17njSVkvaAmYchU5Feo9a4tGU8YzRY+AOzKkwuDycpAlbk4/ijsIOKHEUOThjBopo33fXqFD3ktm/wSQPtXPFiPhWNSHxgjpfyEc2B3KI8tuOAdl+CLjQr5ITAV2OTlgHNZnAh0AuvaWpoV499/e5/pnyXfHhe8ysjO65YDAvNVpXQKCAQAWplxYIEhQcE51AqOXVwQNNNo6NHjBVNTkpcAtJC7gT5bmHkvQkEq9rI837rHgnzGC0jyQQ8tkL4gAQWDt+coJsyB2p5wypifyRz6Rh5uixOdEvSCBVEy1W4AsNo0fqD7UielOD6BojjJCilx4xHjGjQUntxyaOrsLC+EsRGiWOefTznTbEBplqiuH9kxoJts+xy9LVZmDS7TtsC98kOmkltOlXVNb6/xF1PYZ9j897buHOSXC8iTgdzEpbaiH7B5HSPh++1/et1SEMWsiMt7lU92vAhErDR8C2jCXMiT+J67ai51LKSLZuovjntnhA6Y8UoELxoi34u1DFuHvF9veA4IBBQACggEAAXFn3y8zhTYG/vUNMZpKFBMlRygxGKF36eydUbkyByXpEIvPndzqlaUfb5k0h550iSdoOXMz5HFFOtLhcjqfaiS7VjrCVVMCHJbfpQqiZprchYZadBVpS6bj/paJX1Ylc81N9pllanH1oubpGkjyjGpLdSvTs4RtetXXIFPVuxOMLXYxfpshAr8mpZN6BrMYOEK6wCxIDV9ZNJGxXFY09JNWYXxWPXoy/4M1s66aVeysQ/NaT442DLodaBa1mYAUHl10R77J1GukoKp4VwRZIUiP0RCCOBm/s/c3XNuvb1qngHAB203jqx4SUNrvvdtTVZEB61etXqZiNP0DG90HdA==	49282	MD0CHB1vV0qAb/CS6lpcSfp15s0C95JbB+xVWE270HsCHQCHBUQ+gVkKO6VcSlXE/rBCSSq+G7nh9uvsg92+	2025-11-11T01:19:19.773190895	49283	MIIDQjCCAjUGByqGSM44BAEwggIoAoIBAQCPeTXZuarpv6vtiHrPSVG28y7FnjuvNxjo6sSWHz79NgbnQ1GpxBgzObgJ58KuHFObp0dbhdARrbi0eYd1SYRpXKwOjxSzNggooi/6JxEKPWKpk0U0CaD+aWxGWPhL3SCBnDcJoBBXsZWtzQAjPbpUhLYpH51kjviDRIZ3l5zsBLQ0pqwudemYXeI9sCkvwRGMn/qdgYHnM423krcw17njSVkvaAmYchU5Feo9a4tGU8YzRY+AOzKkwuDycpAlbk4/ijsIOKHEUOThjBopo33fXqFD3ktm/wSQPtXPFiPhWNSHxgjpfyEc2B3KI8tuOAdl+CLjQr5ITAV2OTlgHNZnAh0AuvaWpoV499/e5/pnyXfHhe8ysjO65YDAvNVpXQKCAQAWplxYIEhQcE51AqOXVwQNNNo6NHjBVNTkpcAtJC7gT5bmHkvQkEq9rI837rHgnzGC0jyQQ8tkL4gAQWDt+coJsyB2p5wypifyRz6Rh5uixOdEvSCBVEy1W4AsNo0fqD7UielOD6BojjJCilx4xHjGjQUntxyaOrsLC+EsRGiWOefTznTbEBplqiuH9kxoJts+xy9LVZmDS7TtsC98kOmkltOlXVNb6/xF1PYZ9j897buHOSXC8iTgdzEpbaiH7B5HSPh++1/et1SEMWsiMt7lU92vAhErDR8C2jCXMiT+J67ai51LKSLZuovjntnhA6Y8UoELxoi34u1DFuHvF9veA4IBBQACggEAeIs+pkWUGTgUFbI90XyBiTvuYfenNcl0jX642di9140aSQThLgmnaW/KZYh7ld3heELGi18oRFWJQBlbU84/92u3qLKV4oQFAA69St75kYsAhe0QxM3EVbk+khRW1PdocbzEC4UDTg1s119Wge9navlLa7ejUQzI543q3Op2VaZjKCKrpiaYxuLFpWulunv3CtUs60DXuDFaOgF5wsIE7h/mTBpvbq7yRmi+0lS9lKeq7eaP1LTLNucNYfa7M208Qa5db9ZGNy4l8VTne+OZ8vq3SFj1xRinFLzimr6ukBf6HwJnKrZX76MzlG3+/pZp0qvKFJcU1HXOO4+VqvbmBA==	60	bf546d18-d9a3-443d-9361-e9e34eb7763b
b51e6538-8b53-4368-9a40-4138fd65ca7c	49286	MIIDQjCCAjUGByqGSM44BAEwggIoAoIBAQCPeTXZuarpv6vtiHrPSVG28y7FnjuvNxjo6sSWHz79NgbnQ1GpxBgzObgJ58KuHFObp0dbhdARrbi0eYd1SYRpXKwOjxSzNggooi/6JxEKPWKpk0U0CaD+aWxGWPhL3SCBnDcJoBBXsZWtzQAjPbpUhLYpH51kjviDRIZ3l5zsBLQ0pqwudemYXeI9sCkvwRGMn/qdgYHnM423krcw17njSVkvaAmYchU5Feo9a4tGU8YzRY+AOzKkwuDycpAlbk4/ijsIOKHEUOThjBopo33fXqFD3ktm/wSQPtXPFiPhWNSHxgjpfyEc2B3KI8tuOAdl+CLjQr5ITAV2OTlgHNZnAh0AuvaWpoV499/e5/pnyXfHhe8ysjO65YDAvNVpXQKCAQAWplxYIEhQcE51AqOXVwQNNNo6NHjBVNTkpcAtJC7gT5bmHkvQkEq9rI837rHgnzGC0jyQQ8tkL4gAQWDt+coJsyB2p5wypifyRz6Rh5uixOdEvSCBVEy1W4AsNo0fqD7UielOD6BojjJCilx4xHjGjQUntxyaOrsLC+EsRGiWOefTznTbEBplqiuH9kxoJts+xy9LVZmDS7TtsC98kOmkltOlXVNb6/xF1PYZ9j897buHOSXC8iTgdzEpbaiH7B5HSPh++1/et1SEMWsiMt7lU92vAhErDR8C2jCXMiT+J67ai51LKSLZuovjntnhA6Y8UoELxoi34u1DFuHvF9veA4IBBQACggEAHokm8FsO048fkglCO80PVmzl5I5UPu3TUZwRLyPOWrZQ3zsKpXgVK5DQJf/UjhQDMIA1KvXKtUF1NlXviC7COxnyEpT64wI22eWBR/OZzjHSO+pjbPZKPDpSnhn+gtoXjzB+5BDQjdhNFSZCsqfcm54biGvfRCDPBK2sfFR827F3m8Ft4qQZcoL0GTCXlParfuf9p6dNWK9H1Uab+rBnT9p5Pyjl3IiM0E48p4UHPAKf59IJ5XAgsXElfw7Fd9EXMM9OCLLspwmATscDibN90pL8tUjQb4o7oL3sQycx78dQauotTG+VY6PqobxfjDYQro2eEzrRVpsbgM585Ja1Sw==	49287	MDwCHDhNALM/9G/pyThOYx+b6SOqBPTO4sJ+cWMx2c0CHFhwtQ6pdvK4p+FY0D49iWFskMLCqdM9TvnUzS8=	2025-11-11T01:23:46.702443	49288	MIIDQjCCAjUGByqGSM44BAEwggIoAoIBAQCPeTXZuarpv6vtiHrPSVG28y7FnjuvNxjo6sSWHz79NgbnQ1GpxBgzObgJ58KuHFObp0dbhdARrbi0eYd1SYRpXKwOjxSzNggooi/6JxEKPWKpk0U0CaD+aWxGWPhL3SCBnDcJoBBXsZWtzQAjPbpUhLYpH51kjviDRIZ3l5zsBLQ0pqwudemYXeI9sCkvwRGMn/qdgYHnM423krcw17njSVkvaAmYchU5Feo9a4tGU8YzRY+AOzKkwuDycpAlbk4/ijsIOKHEUOThjBopo33fXqFD3ktm/wSQPtXPFiPhWNSHxgjpfyEc2B3KI8tuOAdl+CLjQr5ITAV2OTlgHNZnAh0AuvaWpoV499/e5/pnyXfHhe8ysjO65YDAvNVpXQKCAQAWplxYIEhQcE51AqOXVwQNNNo6NHjBVNTkpcAtJC7gT5bmHkvQkEq9rI837rHgnzGC0jyQQ8tkL4gAQWDt+coJsyB2p5wypifyRz6Rh5uixOdEvSCBVEy1W4AsNo0fqD7UielOD6BojjJCilx4xHjGjQUntxyaOrsLC+EsRGiWOefTznTbEBplqiuH9kxoJts+xy9LVZmDS7TtsC98kOmkltOlXVNb6/xF1PYZ9j897buHOSXC8iTgdzEpbaiH7B5HSPh++1/et1SEMWsiMt7lU92vAhErDR8C2jCXMiT+J67ai51LKSLZuovjntnhA6Y8UoELxoi34u1DFuHvF9veA4IBBQACggEAU87uUyyKiBIktAq6FsSnZyWGRM/s9yGXcADYBDEKFzlZsCtYMbF4WKsyUs3XieJ4VHKjS1CybSbbgSh1KJue4qvVlYz6mwHHGvvaG0rclLRWwuKNbE4p1ZqzP0LGyevN2LTDlSMKxMABENDlugAtjruUBdlU8BKqXz7h11R4QQqkNzy+oTt7A0fjq/qvaIfDiOvQbqjq7RZRNjUHrt9+NYM6YZccU0rEh7nwCfyafpIUlIWI+VdGXxNS5dl2mZwTiPX7W1pXDcAkPTL8pUnX9UvO/AHbZkgyIjedLIBXZfv3/VSRqxoxzyftRmndXaWWoazyh1geAAmWkRQZs+Af3w==	10	c4265db5-35a0-4eb7-9edd-49ef6ca98b43
9cd40d8b-4914-41eb-aaf9-66006dc58900	49291	MIIDQjCCAjUGByqGSM44BAEwggIoAoIBAQCPeTXZuarpv6vtiHrPSVG28y7FnjuvNxjo6sSWHz79NgbnQ1GpxBgzObgJ58KuHFObp0dbhdARrbi0eYd1SYRpXKwOjxSzNggooi/6JxEKPWKpk0U0CaD+aWxGWPhL3SCBnDcJoBBXsZWtzQAjPbpUhLYpH51kjviDRIZ3l5zsBLQ0pqwudemYXeI9sCkvwRGMn/qdgYHnM423krcw17njSVkvaAmYchU5Feo9a4tGU8YzRY+AOzKkwuDycpAlbk4/ijsIOKHEUOThjBopo33fXqFD3ktm/wSQPtXPFiPhWNSHxgjpfyEc2B3KI8tuOAdl+CLjQr5ITAV2OTlgHNZnAh0AuvaWpoV499/e5/pnyXfHhe8ysjO65YDAvNVpXQKCAQAWplxYIEhQcE51AqOXVwQNNNo6NHjBVNTkpcAtJC7gT5bmHkvQkEq9rI837rHgnzGC0jyQQ8tkL4gAQWDt+coJsyB2p5wypifyRz6Rh5uixOdEvSCBVEy1W4AsNo0fqD7UielOD6BojjJCilx4xHjGjQUntxyaOrsLC+EsRGiWOefTznTbEBplqiuH9kxoJts+xy9LVZmDS7TtsC98kOmkltOlXVNb6/xF1PYZ9j897buHOSXC8iTgdzEpbaiH7B5HSPh++1/et1SEMWsiMt7lU92vAhErDR8C2jCXMiT+J67ai51LKSLZuovjntnhA6Y8UoELxoi34u1DFuHvF9veA4IBBQACggEAGiCmNLyNFKJCK2c4DW9q+mlRmAPX1TkHIKi2ankERqm2QEVwE31mTDFNa5wvPZPCalIZ/vQILQKvG9UMPEf7d8LY/YN0hhSdi29I/53e/JXBUE6FBQHuCccmJ2k3eiRMv1lvtG1bV4EBxDNJRZQFbiLMr58AfJ1nA7RYdgokpt6Pxl/AB6C9c0VUN4/Ot6quKWYGb1JewRLzmvDNkYFDH4FIiNR6EPnVey9va6/mEkws8WSnyJyic79hMK7mDJPphAHRC5epZeeTU73ThRrfHL+HEvjK6246zV2ic8/dsiupWTP7IENOYKqIoZOxmSR3jBljCOtDbWkTf8pbqVutMQ==	49292	MD0CHAHxnl/VXL2WsG1gQviCoWhxTJXu6noTgTl9F5ECHQCvGfmgwItZ50CW1vgKDOqKpJErZ3H4aeVnFBOW	2025-11-11T01:43:33.672735865	49293	MIIDQjCCAjUGByqGSM44BAEwggIoAoIBAQCPeTXZuarpv6vtiHrPSVG28y7FnjuvNxjo6sSWHz79NgbnQ1GpxBgzObgJ58KuHFObp0dbhdARrbi0eYd1SYRpXKwOjxSzNggooi/6JxEKPWKpk0U0CaD+aWxGWPhL3SCBnDcJoBBXsZWtzQAjPbpUhLYpH51kjviDRIZ3l5zsBLQ0pqwudemYXeI9sCkvwRGMn/qdgYHnM423krcw17njSVkvaAmYchU5Feo9a4tGU8YzRY+AOzKkwuDycpAlbk4/ijsIOKHEUOThjBopo33fXqFD3ktm/wSQPtXPFiPhWNSHxgjpfyEc2B3KI8tuOAdl+CLjQr5ITAV2OTlgHNZnAh0AuvaWpoV499/e5/pnyXfHhe8ysjO65YDAvNVpXQKCAQAWplxYIEhQcE51AqOXVwQNNNo6NHjBVNTkpcAtJC7gT5bmHkvQkEq9rI837rHgnzGC0jyQQ8tkL4gAQWDt+coJsyB2p5wypifyRz6Rh5uixOdEvSCBVEy1W4AsNo0fqD7UielOD6BojjJCilx4xHjGjQUntxyaOrsLC+EsRGiWOefTznTbEBplqiuH9kxoJts+xy9LVZmDS7TtsC98kOmkltOlXVNb6/xF1PYZ9j897buHOSXC8iTgdzEpbaiH7B5HSPh++1/et1SEMWsiMt7lU92vAhErDR8C2jCXMiT+J67ai51LKSLZuovjntnhA6Y8UoELxoi34u1DFuHvF9veA4IBBQACggEAeIs+pkWUGTgUFbI90XyBiTvuYfenNcl0jX642di9140aSQThLgmnaW/KZYh7ld3heELGi18oRFWJQBlbU84/92u3qLKV4oQFAA69St75kYsAhe0QxM3EVbk+khRW1PdocbzEC4UDTg1s119Wge9navlLa7ejUQzI543q3Op2VaZjKCKrpiaYxuLFpWulunv3CtUs60DXuDFaOgF5wsIE7h/mTBpvbq7yRmi+0lS9lKeq7eaP1LTLNucNYfa7M208Qa5db9ZGNy4l8VTne+OZ8vq3SFj1xRinFLzimr6ukBf6HwJnKrZX76MzlG3+/pZp0qvKFJcU1HXOO4+VqvbmBA==	40	e7bb4df2-15bf-4811-add4-67f38525eb0c
45977760-d823-4293-86ba-0ec7fe8285c8	49296	MIIDQjCCAjUGByqGSM44BAEwggIoAoIBAQCPeTXZuarpv6vtiHrPSVG28y7FnjuvNxjo6sSWHz79NgbnQ1GpxBgzObgJ58KuHFObp0dbhdARrbi0eYd1SYRpXKwOjxSzNggooi/6JxEKPWKpk0U0CaD+aWxGWPhL3SCBnDcJoBBXsZWtzQAjPbpUhLYpH51kjviDRIZ3l5zsBLQ0pqwudemYXeI9sCkvwRGMn/qdgYHnM423krcw17njSVkvaAmYchU5Feo9a4tGU8YzRY+AOzKkwuDycpAlbk4/ijsIOKHEUOThjBopo33fXqFD3ktm/wSQPtXPFiPhWNSHxgjpfyEc2B3KI8tuOAdl+CLjQr5ITAV2OTlgHNZnAh0AuvaWpoV499/e5/pnyXfHhe8ysjO65YDAvNVpXQKCAQAWplxYIEhQcE51AqOXVwQNNNo6NHjBVNTkpcAtJC7gT5bmHkvQkEq9rI837rHgnzGC0jyQQ8tkL4gAQWDt+coJsyB2p5wypifyRz6Rh5uixOdEvSCBVEy1W4AsNo0fqD7UielOD6BojjJCilx4xHjGjQUntxyaOrsLC+EsRGiWOefTznTbEBplqiuH9kxoJts+xy9LVZmDS7TtsC98kOmkltOlXVNb6/xF1PYZ9j897buHOSXC8iTgdzEpbaiH7B5HSPh++1/et1SEMWsiMt7lU92vAhErDR8C2jCXMiT+J67ai51LKSLZuovjntnhA6Y8UoELxoi34u1DFuHvF9veA4IBBQACggEAGiCmNLyNFKJCK2c4DW9q+mlRmAPX1TkHIKi2ankERqm2QEVwE31mTDFNa5wvPZPCalIZ/vQILQKvG9UMPEf7d8LY/YN0hhSdi29I/53e/JXBUE6FBQHuCccmJ2k3eiRMv1lvtG1bV4EBxDNJRZQFbiLMr58AfJ1nA7RYdgokpt6Pxl/AB6C9c0VUN4/Ot6quKWYGb1JewRLzmvDNkYFDH4FIiNR6EPnVey9va6/mEkws8WSnyJyic79hMK7mDJPphAHRC5epZeeTU73ThRrfHL+HEvjK6246zV2ic8/dsiupWTP7IENOYKqIoZOxmSR3jBljCOtDbWkTf8pbqVutMQ==	49297	MDwCHH55Lt006x5V3aBxhZJwcNmPBEGoBd124eH+j6sCHFRZkWZAgY6SYBsDSkuNNQTuNYBpCoFpg45udnM=	2025-11-11T01:46:39.055855127	49298	MIIDQjCCAjUGByqGSM44BAEwggIoAoIBAQCPeTXZuarpv6vtiHrPSVG28y7FnjuvNxjo6sSWHz79NgbnQ1GpxBgzObgJ58KuHFObp0dbhdARrbi0eYd1SYRpXKwOjxSzNggooi/6JxEKPWKpk0U0CaD+aWxGWPhL3SCBnDcJoBBXsZWtzQAjPbpUhLYpH51kjviDRIZ3l5zsBLQ0pqwudemYXeI9sCkvwRGMn/qdgYHnM423krcw17njSVkvaAmYchU5Feo9a4tGU8YzRY+AOzKkwuDycpAlbk4/ijsIOKHEUOThjBopo33fXqFD3ktm/wSQPtXPFiPhWNSHxgjpfyEc2B3KI8tuOAdl+CLjQr5ITAV2OTlgHNZnAh0AuvaWpoV499/e5/pnyXfHhe8ysjO65YDAvNVpXQKCAQAWplxYIEhQcE51AqOXVwQNNNo6NHjBVNTkpcAtJC7gT5bmHkvQkEq9rI837rHgnzGC0jyQQ8tkL4gAQWDt+coJsyB2p5wypifyRz6Rh5uixOdEvSCBVEy1W4AsNo0fqD7UielOD6BojjJCilx4xHjGjQUntxyaOrsLC+EsRGiWOefTznTbEBplqiuH9kxoJts+xy9LVZmDS7TtsC98kOmkltOlXVNb6/xF1PYZ9j897buHOSXC8iTgdzEpbaiH7B5HSPh++1/et1SEMWsiMt7lU92vAhErDR8C2jCXMiT+J67ai51LKSLZuovjntnhA6Y8UoELxoi34u1DFuHvF9veA4IBBQACggEAeIs+pkWUGTgUFbI90XyBiTvuYfenNcl0jX642di9140aSQThLgmnaW/KZYh7ld3heELGi18oRFWJQBlbU84/92u3qLKV4oQFAA69St75kYsAhe0QxM3EVbk+khRW1PdocbzEC4UDTg1s119Wge9navlLa7ejUQzI543q3Op2VaZjKCKrpiaYxuLFpWulunv3CtUs60DXuDFaOgF5wsIE7h/mTBpvbq7yRmi+0lS9lKeq7eaP1LTLNucNYfa7M208Qa5db9ZGNy4l8VTne+OZ8vq3SFj1xRinFLzimr6ukBf6HwJnKrZX76MzlG3+/pZp0qvKFJcU1HXOO4+VqvbmBA==	0.1	2a8d01c4-2820-429d-9d97-71d85b6d408b
\.


--
-- Data for Name: user_roles; Type: TABLE DATA; Schema: public; Owner: hugo
--

COPY public.user_roles (user_id, role_id) FROM stdin;
04492a0d-a9ed-41d7-87b4-3b3dd736be3e	cdcd02e0-3e87-4710-a109-144e6389ba01
c330b66d-2efd-4a2d-8a53-9e1ec219d973	cdcd02e0-3e87-4710-a109-144e6389ba01
c330b66d-2efd-4a2d-8a53-9e1ec219d973	c4129483-1eff-421c-80c2-209539383225
16d0f7c1-5fb5-4309-a726-c83db8f06630	cdcd02e0-3e87-4710-a109-144e6389ba01
16d0f7c1-5fb5-4309-a726-c83db8f06630	c4129483-1eff-421c-80c2-209539383225
af89f22a-c04c-4da9-939b-3b7cb795a005	cdcd02e0-3e87-4710-a109-144e6389ba01
e4e12b78-42ef-4cb9-b739-564921f4e59c	cdcd02e0-3e87-4710-a109-144e6389ba01
072cb66d-732c-4da1-9673-9416785202bc	cdcd02e0-3e87-4710-a109-144e6389ba01
1c64fbf7-80b6-4e44-b9e4-48b8bee8c668	cdcd02e0-3e87-4710-a109-144e6389ba01
6ed50788-b5b8-4ccf-9341-3856484d92a5	cdcd02e0-3e87-4710-a109-144e6389ba01
dc716046-69d3-4908-bf47-96b25ec730fe	cdcd02e0-3e87-4710-a109-144e6389ba01
\.


--
-- Data for Name: users; Type: TABLE DATA; Schema: public; Owner: hugo
--

COPY public.users (id, created_at, email, password, updated_at, username) FROM stdin;
04492a0d-a9ed-41d7-87b4-3b3dd736be3e	2025-11-10 23:04:01.959552	aleksei.najmitdinov@gmail.com	$2a$10$q9xLQiS8OW14XsuRNWU2NO4WzqFwARUyK1B.oV7UyMYUt/c0XwSe6	2025-11-10 23:04:01.959552	a.najmitdinov
c330b66d-2efd-4a2d-8a53-9e1ec219d973	2025-11-10 23:06:58.094681	strings	$2a$10$QHJzgxUglh5NBGdRMqY0bOqUewmJEXd7DMRM9rW2gfEm76syP3ysW	2025-11-10 23:06:58.094681	strings
16d0f7c1-5fb5-4309-a726-c83db8f06630	2025-11-10 23:09:41.000239	kikipaul	$2a$10$Lyyob7bUte7dR2tOZUR7eutB9oV9phFgJmtsoFs1VJkGLJl8L4IlC	2025-11-10 23:09:41.000239	kikipaul
af89f22a-c04c-4da9-939b-3b7cb795a005	2025-11-10 23:33:13.564769	aleksei.najmitdinov@epfedu.fr	$2a$10$OwIF.CE5dWKKIc3BHn9XoeMSUozvEWSNkw/79VD9fCDw.xi2WYrSe	2025-11-10 23:33:13.564769	a.najmitdinov2
e4e12b78-42ef-4cb9-b739-564921f4e59c	2025-11-11 00:04:26.610444	test@test.com	$2a$10$Qnzc/vE2sAhHA79Tt8ItMOO.1FDYeIg0yrcKscA4OmbUjHmkIiEia	2025-11-11 00:04:26.610444	Admin
072cb66d-732c-4da1-9673-9416785202bc	2025-11-11 00:05:28.727935	string	$2a$10$eyKAp2NBYZGQtJfR464Vx.lBwQS5KLtrpzj4mWbcDQN67H.TwCNPa	2025-11-11 00:05:28.727935	string
1c64fbf7-80b6-4e44-b9e4-48b8bee8c668	2025-11-11 00:28:35.549279	jj@gmail.com	$2a$10$WlpGJLhQngJm2FjX6pIU3uonrKoOr8ZiiIgcj8JrMzkD2EZpHiwgq	2025-11-11 00:28:35.549279	jjko1
6ed50788-b5b8-4ccf-9341-3856484d92a5	2025-11-11 00:44:46.660919	aa@test.vcom	$2a$10$c5p3w9Fie8VZFYaPsBatwuJh0f./ofact4ZpWayjGa5Y7PrTakYKO	2025-11-11 00:44:46.660919	aaa
dc716046-69d3-4908-bf47-96b25ec730fe	2025-11-11 01:17:58.456255	enol@e	$2a$10$2laAmmHiwvJOqzLxoDtCqervmVSJWn6.0sEpoFS132XdFbKE5AZlu	2025-11-11 01:17:58.456255	kikipaul2
\.


--
-- Data for Name: wallets; Type: TABLE DATA; Schema: public; Owner: hugo
--

COPY public.wallets (id, balance, private_key, public_key, address, user_id) FROM stdin;
ce881bcf-4c93-4801-88b6-44ea8751f3fd	428.9	MIICXAIBADCCAjUGByqGSM44BAEwggIoAoIBAQCPeTXZuarpv6vtiHrPSVG28y7FnjuvNxjo6sSWHz79NgbnQ1GpxBgzObgJ58KuHFObp0dbhdARrbi0eYd1SYRpXKwOjxSzNggooi/6JxEKPWKpk0U0CaD+aWxGWPhL3SCBnDcJoBBXsZWtzQAjPbpUhLYpH51kjviDRIZ3l5zsBLQ0pqwudemYXeI9sCkvwRGMn/qdgYHnM423krcw17njSVkvaAmYchU5Feo9a4tGU8YzRY+AOzKkwuDycpAlbk4/ijsIOKHEUOThjBopo33fXqFD3ktm/wSQPtXPFiPhWNSHxgjpfyEc2B3KI8tuOAdl+CLjQr5ITAV2OTlgHNZnAh0AuvaWpoV499/e5/pnyXfHhe8ysjO65YDAvNVpXQKCAQAWplxYIEhQcE51AqOXVwQNNNo6NHjBVNTkpcAtJC7gT5bmHkvQkEq9rI837rHgnzGC0jyQQ8tkL4gAQWDt+coJsyB2p5wypifyRz6Rh5uixOdEvSCBVEy1W4AsNo0fqD7UielOD6BojjJCilx4xHjGjQUntxyaOrsLC+EsRGiWOefTznTbEBplqiuH9kxoJts+xy9LVZmDS7TtsC98kOmkltOlXVNb6/xF1PYZ9j897buHOSXC8iTgdzEpbaiH7B5HSPh++1/et1SEMWsiMt7lU92vAhErDR8C2jCXMiT+J67ai51LKSLZuovjntnhA6Y8UoELxoi34u1DFuHvF9veBB4CHH95yapVoaW99qtzei6IA3osyUrtyTxrXqp0bTo=	MIIDQjCCAjUGByqGSM44BAEwggIoAoIBAQCPeTXZuarpv6vtiHrPSVG28y7FnjuvNxjo6sSWHz79NgbnQ1GpxBgzObgJ58KuHFObp0dbhdARrbi0eYd1SYRpXKwOjxSzNggooi/6JxEKPWKpk0U0CaD+aWxGWPhL3SCBnDcJoBBXsZWtzQAjPbpUhLYpH51kjviDRIZ3l5zsBLQ0pqwudemYXeI9sCkvwRGMn/qdgYHnM423krcw17njSVkvaAmYchU5Feo9a4tGU8YzRY+AOzKkwuDycpAlbk4/ijsIOKHEUOThjBopo33fXqFD3ktm/wSQPtXPFiPhWNSHxgjpfyEc2B3KI8tuOAdl+CLjQr5ITAV2OTlgHNZnAh0AuvaWpoV499/e5/pnyXfHhe8ysjO65YDAvNVpXQKCAQAWplxYIEhQcE51AqOXVwQNNNo6NHjBVNTkpcAtJC7gT5bmHkvQkEq9rI837rHgnzGC0jyQQ8tkL4gAQWDt+coJsyB2p5wypifyRz6Rh5uixOdEvSCBVEy1W4AsNo0fqD7UielOD6BojjJCilx4xHjGjQUntxyaOrsLC+EsRGiWOefTznTbEBplqiuH9kxoJts+xy9LVZmDS7TtsC98kOmkltOlXVNb6/xF1PYZ9j897buHOSXC8iTgdzEpbaiH7B5HSPh++1/et1SEMWsiMt7lU92vAhErDR8C2jCXMiT+J67ai51LKSLZuovjntnhA6Y8UoELxoi34u1DFuHvF9veA4IBBQACggEAGiCmNLyNFKJCK2c4DW9q+mlRmAPX1TkHIKi2ankERqm2QEVwE31mTDFNa5wvPZPCalIZ/vQILQKvG9UMPEf7d8LY/YN0hhSdi29I/53e/JXBUE6FBQHuCccmJ2k3eiRMv1lvtG1bV4EBxDNJRZQFbiLMr58AfJ1nA7RYdgokpt6Pxl/AB6C9c0VUN4/Ot6quKWYGb1JewRLzmvDNkYFDH4FIiNR6EPnVey9va6/mEkws8WSnyJyic79hMK7mDJPphAHRC5epZeeTU73ThRrfHL+HEvjK6246zV2ic8/dsiupWTP7IENOYKqIoZOxmSR3jBljCOtDbWkTf8pbqVutMQ==	\N	16d0f7c1-5fb5-4309-a726-c83db8f06630
d585e12c-c17c-4b89-956e-1f026b1a5f58	410	MIICXAIBADCCAjUGByqGSM44BAEwggIoAoIBAQCPeTXZuarpv6vtiHrPSVG28y7FnjuvNxjo6sSWHz79NgbnQ1GpxBgzObgJ58KuHFObp0dbhdARrbi0eYd1SYRpXKwOjxSzNggooi/6JxEKPWKpk0U0CaD+aWxGWPhL3SCBnDcJoBBXsZWtzQAjPbpUhLYpH51kjviDRIZ3l5zsBLQ0pqwudemYXeI9sCkvwRGMn/qdgYHnM423krcw17njSVkvaAmYchU5Feo9a4tGU8YzRY+AOzKkwuDycpAlbk4/ijsIOKHEUOThjBopo33fXqFD3ktm/wSQPtXPFiPhWNSHxgjpfyEc2B3KI8tuOAdl+CLjQr5ITAV2OTlgHNZnAh0AuvaWpoV499/e5/pnyXfHhe8ysjO65YDAvNVpXQKCAQAWplxYIEhQcE51AqOXVwQNNNo6NHjBVNTkpcAtJC7gT5bmHkvQkEq9rI837rHgnzGC0jyQQ8tkL4gAQWDt+coJsyB2p5wypifyRz6Rh5uixOdEvSCBVEy1W4AsNo0fqD7UielOD6BojjJCilx4xHjGjQUntxyaOrsLC+EsRGiWOefTznTbEBplqiuH9kxoJts+xy9LVZmDS7TtsC98kOmkltOlXVNb6/xF1PYZ9j897buHOSXC8iTgdzEpbaiH7B5HSPh++1/et1SEMWsiMt7lU92vAhErDR8C2jCXMiT+J67ai51LKSLZuovjntnhA6Y8UoELxoi34u1DFuHvF9veBB4CHDZ5vFWAIk0zpjd6ijgFFpVUBs9fYSNOUCnkYbs=	MIIDQzCCAjUGByqGSM44BAEwggIoAoIBAQCPeTXZuarpv6vtiHrPSVG28y7FnjuvNxjo6sSWHz79NgbnQ1GpxBgzObgJ58KuHFObp0dbhdARrbi0eYd1SYRpXKwOjxSzNggooi/6JxEKPWKpk0U0CaD+aWxGWPhL3SCBnDcJoBBXsZWtzQAjPbpUhLYpH51kjviDRIZ3l5zsBLQ0pqwudemYXeI9sCkvwRGMn/qdgYHnM423krcw17njSVkvaAmYchU5Feo9a4tGU8YzRY+AOzKkwuDycpAlbk4/ijsIOKHEUOThjBopo33fXqFD3ktm/wSQPtXPFiPhWNSHxgjpfyEc2B3KI8tuOAdl+CLjQr5ITAV2OTlgHNZnAh0AuvaWpoV499/e5/pnyXfHhe8ysjO65YDAvNVpXQKCAQAWplxYIEhQcE51AqOXVwQNNNo6NHjBVNTkpcAtJC7gT5bmHkvQkEq9rI837rHgnzGC0jyQQ8tkL4gAQWDt+coJsyB2p5wypifyRz6Rh5uixOdEvSCBVEy1W4AsNo0fqD7UielOD6BojjJCilx4xHjGjQUntxyaOrsLC+EsRGiWOefTznTbEBplqiuH9kxoJts+xy9LVZmDS7TtsC98kOmkltOlXVNb6/xF1PYZ9j897buHOSXC8iTgdzEpbaiH7B5HSPh++1/et1SEMWsiMt7lU92vAhErDR8C2jCXMiT+J67ai51LKSLZuovjntnhA6Y8UoELxoi34u1DFuHvF9veA4IBBgACggEBAII0SnePPfOx5K/BDtUcC+gHFWszZLDJKzvsTjwuDZULzQA8NsJNIL8VYvpMg7l6jqa8g4pLhiaj9JwAQ5eyZK3G58fcBMO8D5zgc9M1y0FoFpf8nE0qe12PqysO+/qvc2QBrK9eGGNUas6kFb8VSEUOw64bkibMeC/Jf2gPhH99pTUWqtrxQXOOLwIgpDbDZhZSbHBnMn5RByeP7yBi49VMaiXT1a9mHXK+5i+8+eL9ZKXLr2/ZNrDLk1RBewEq55W5IAqrOrW5lf6LKo8nIEGpQyHFJFfSMz6etIDpYb56GXRq2APdv9HuT2ay3CcHWOHzKEAHBd4kD47aGj9v9pU=	\N	16d0f7c1-5fb5-4309-a726-c83db8f06630
97d2856f-f583-4b05-911d-ed51e999b994	500	MIICXQIBADCCAjUGByqGSM44BAEwggIoAoIBAQCPeTXZuarpv6vtiHrPSVG28y7FnjuvNxjo6sSWHz79NgbnQ1GpxBgzObgJ58KuHFObp0dbhdARrbi0eYd1SYRpXKwOjxSzNggooi/6JxEKPWKpk0U0CaD+aWxGWPhL3SCBnDcJoBBXsZWtzQAjPbpUhLYpH51kjviDRIZ3l5zsBLQ0pqwudemYXeI9sCkvwRGMn/qdgYHnM423krcw17njSVkvaAmYchU5Feo9a4tGU8YzRY+AOzKkwuDycpAlbk4/ijsIOKHEUOThjBopo33fXqFD3ktm/wSQPtXPFiPhWNSHxgjpfyEc2B3KI8tuOAdl+CLjQr5ITAV2OTlgHNZnAh0AuvaWpoV499/e5/pnyXfHhe8ysjO65YDAvNVpXQKCAQAWplxYIEhQcE51AqOXVwQNNNo6NHjBVNTkpcAtJC7gT5bmHkvQkEq9rI837rHgnzGC0jyQQ8tkL4gAQWDt+coJsyB2p5wypifyRz6Rh5uixOdEvSCBVEy1W4AsNo0fqD7UielOD6BojjJCilx4xHjGjQUntxyaOrsLC+EsRGiWOefTznTbEBplqiuH9kxoJts+xy9LVZmDS7TtsC98kOmkltOlXVNb6/xF1PYZ9j897buHOSXC8iTgdzEpbaiH7B5HSPh++1/et1SEMWsiMt7lU92vAhErDR8C2jCXMiT+J67ai51LKSLZuovjntnhA6Y8UoELxoi34u1DFuHvF9veBB8CHQCA1cYL5kf4wXsBsD2dyQTKDWHg5mhqStVeTkjD	MIIDQjCCAjUGByqGSM44BAEwggIoAoIBAQCPeTXZuarpv6vtiHrPSVG28y7FnjuvNxjo6sSWHz79NgbnQ1GpxBgzObgJ58KuHFObp0dbhdARrbi0eYd1SYRpXKwOjxSzNggooi/6JxEKPWKpk0U0CaD+aWxGWPhL3SCBnDcJoBBXsZWtzQAjPbpUhLYpH51kjviDRIZ3l5zsBLQ0pqwudemYXeI9sCkvwRGMn/qdgYHnM423krcw17njSVkvaAmYchU5Feo9a4tGU8YzRY+AOzKkwuDycpAlbk4/ijsIOKHEUOThjBopo33fXqFD3ktm/wSQPtXPFiPhWNSHxgjpfyEc2B3KI8tuOAdl+CLjQr5ITAV2OTlgHNZnAh0AuvaWpoV499/e5/pnyXfHhe8ysjO65YDAvNVpXQKCAQAWplxYIEhQcE51AqOXVwQNNNo6NHjBVNTkpcAtJC7gT5bmHkvQkEq9rI837rHgnzGC0jyQQ8tkL4gAQWDt+coJsyB2p5wypifyRz6Rh5uixOdEvSCBVEy1W4AsNo0fqD7UielOD6BojjJCilx4xHjGjQUntxyaOrsLC+EsRGiWOefTznTbEBplqiuH9kxoJts+xy9LVZmDS7TtsC98kOmkltOlXVNb6/xF1PYZ9j897buHOSXC8iTgdzEpbaiH7B5HSPh++1/et1SEMWsiMt7lU92vAhErDR8C2jCXMiT+J67ai51LKSLZuovjntnhA6Y8UoELxoi34u1DFuHvF9veA4IBBQACggEAEg7Q68xrDnSs4abGnhQ7NBjPaHGGOvqc6nz7lf9MurDo3l62GFxa0ll8clmUmS6w5e5CEsLfQlSAIl60AwNEscXtgV1CwweQLvq/tFDJ4JG7RoNgXtqDtJhsHL0l2zuYZQd+vRhfwNhjZl+yhGcmb2cGjDquII7mbVMr3n2gLNALkunBVMc+StyhNNArdKcmCVC9XNoRqnHQ0DxM9/4tluuJfgBVt6UNFWyxaXudCw4KUxxMTRnPR/zgJlHTatz7rbwAaWzNHPKFqsFm+gw7DSMZG3HR/15J/CjivUv2CkOf5GLKRJIKarqa2KjHrahcDypjfOkarTLkEijrMefLOg==	\N	16d0f7c1-5fb5-4309-a726-c83db8f06630
e2c2e781-3a63-4842-8269-60ca1b32b2ea	500	MIICXAIBADCCAjUGByqGSM44BAEwggIoAoIBAQCPeTXZuarpv6vtiHrPSVG28y7FnjuvNxjo6sSWHz79NgbnQ1GpxBgzObgJ58KuHFObp0dbhdARrbi0eYd1SYRpXKwOjxSzNggooi/6JxEKPWKpk0U0CaD+aWxGWPhL3SCBnDcJoBBXsZWtzQAjPbpUhLYpH51kjviDRIZ3l5zsBLQ0pqwudemYXeI9sCkvwRGMn/qdgYHnM423krcw17njSVkvaAmYchU5Feo9a4tGU8YzRY+AOzKkwuDycpAlbk4/ijsIOKHEUOThjBopo33fXqFD3ktm/wSQPtXPFiPhWNSHxgjpfyEc2B3KI8tuOAdl+CLjQr5ITAV2OTlgHNZnAh0AuvaWpoV499/e5/pnyXfHhe8ysjO65YDAvNVpXQKCAQAWplxYIEhQcE51AqOXVwQNNNo6NHjBVNTkpcAtJC7gT5bmHkvQkEq9rI837rHgnzGC0jyQQ8tkL4gAQWDt+coJsyB2p5wypifyRz6Rh5uixOdEvSCBVEy1W4AsNo0fqD7UielOD6BojjJCilx4xHjGjQUntxyaOrsLC+EsRGiWOefTznTbEBplqiuH9kxoJts+xy9LVZmDS7TtsC98kOmkltOlXVNb6/xF1PYZ9j897buHOSXC8iTgdzEpbaiH7B5HSPh++1/et1SEMWsiMt7lU92vAhErDR8C2jCXMiT+J67ai51LKSLZuovjntnhA6Y8UoELxoi34u1DFuHvF9veBB4CHAlj4gNoITIwDNR7JGbFTTi5mLnSWotiTLCIdEw=	MIIDQjCCAjUGByqGSM44BAEwggIoAoIBAQCPeTXZuarpv6vtiHrPSVG28y7FnjuvNxjo6sSWHz79NgbnQ1GpxBgzObgJ58KuHFObp0dbhdARrbi0eYd1SYRpXKwOjxSzNggooi/6JxEKPWKpk0U0CaD+aWxGWPhL3SCBnDcJoBBXsZWtzQAjPbpUhLYpH51kjviDRIZ3l5zsBLQ0pqwudemYXeI9sCkvwRGMn/qdgYHnM423krcw17njSVkvaAmYchU5Feo9a4tGU8YzRY+AOzKkwuDycpAlbk4/ijsIOKHEUOThjBopo33fXqFD3ktm/wSQPtXPFiPhWNSHxgjpfyEc2B3KI8tuOAdl+CLjQr5ITAV2OTlgHNZnAh0AuvaWpoV499/e5/pnyXfHhe8ysjO65YDAvNVpXQKCAQAWplxYIEhQcE51AqOXVwQNNNo6NHjBVNTkpcAtJC7gT5bmHkvQkEq9rI837rHgnzGC0jyQQ8tkL4gAQWDt+coJsyB2p5wypifyRz6Rh5uixOdEvSCBVEy1W4AsNo0fqD7UielOD6BojjJCilx4xHjGjQUntxyaOrsLC+EsRGiWOefTznTbEBplqiuH9kxoJts+xy9LVZmDS7TtsC98kOmkltOlXVNb6/xF1PYZ9j897buHOSXC8iTgdzEpbaiH7B5HSPh++1/et1SEMWsiMt7lU92vAhErDR8C2jCXMiT+J67ai51LKSLZuovjntnhA6Y8UoELxoi34u1DFuHvF9veA4IBBQACggEAS9qC3hYAbKE/bVicVsgLoGzF/vT9X17PKgpTXBglWdKjAbyZiqe566WY8UUuB5kmrxJrGcOY5BcRZAVgpvUBV1tdrbpt83L1rPNz5XRUp5YcHjU9RuF5nOVV63jo+PK8HZ4ht8SZb/zUR4GLhY8uFI/5Jf4aKJZEotKlJtIqf+nGP2rthVexBqkKeqJypHywKORcwzJ3m7qwX/mSpG0d/xYe2nRivUktFzDU2uAq6HKGpdvCLTU77VhmX8+RDlzFJ6a+QhF37H7dGf+yb+fuoaTrI8qfupiZwEvs7P9ui0OsWLINO3J4RdhcI1PDlKs4y3jw1pgi0ErXcjpQwFfolg==	\N	16d0f7c1-5fb5-4309-a726-c83db8f06630
4984c990-c81b-4158-8534-ae742ca21765	500	MIICXAIBADCCAjUGByqGSM44BAEwggIoAoIBAQCPeTXZuarpv6vtiHrPSVG28y7FnjuvNxjo6sSWHz79NgbnQ1GpxBgzObgJ58KuHFObp0dbhdARrbi0eYd1SYRpXKwOjxSzNggooi/6JxEKPWKpk0U0CaD+aWxGWPhL3SCBnDcJoBBXsZWtzQAjPbpUhLYpH51kjviDRIZ3l5zsBLQ0pqwudemYXeI9sCkvwRGMn/qdgYHnM423krcw17njSVkvaAmYchU5Feo9a4tGU8YzRY+AOzKkwuDycpAlbk4/ijsIOKHEUOThjBopo33fXqFD3ktm/wSQPtXPFiPhWNSHxgjpfyEc2B3KI8tuOAdl+CLjQr5ITAV2OTlgHNZnAh0AuvaWpoV499/e5/pnyXfHhe8ysjO65YDAvNVpXQKCAQAWplxYIEhQcE51AqOXVwQNNNo6NHjBVNTkpcAtJC7gT5bmHkvQkEq9rI837rHgnzGC0jyQQ8tkL4gAQWDt+coJsyB2p5wypifyRz6Rh5uixOdEvSCBVEy1W4AsNo0fqD7UielOD6BojjJCilx4xHjGjQUntxyaOrsLC+EsRGiWOefTznTbEBplqiuH9kxoJts+xy9LVZmDS7TtsC98kOmkltOlXVNb6/xF1PYZ9j897buHOSXC8iTgdzEpbaiH7B5HSPh++1/et1SEMWsiMt7lU92vAhErDR8C2jCXMiT+J67ai51LKSLZuovjntnhA6Y8UoELxoi34u1DFuHvF9veBB4CHEGnud7z+4ARJmUlmRVNpyhfikQVZpSMkOMiHJE=	MIIDQjCCAjUGByqGSM44BAEwggIoAoIBAQCPeTXZuarpv6vtiHrPSVG28y7FnjuvNxjo6sSWHz79NgbnQ1GpxBgzObgJ58KuHFObp0dbhdARrbi0eYd1SYRpXKwOjxSzNggooi/6JxEKPWKpk0U0CaD+aWxGWPhL3SCBnDcJoBBXsZWtzQAjPbpUhLYpH51kjviDRIZ3l5zsBLQ0pqwudemYXeI9sCkvwRGMn/qdgYHnM423krcw17njSVkvaAmYchU5Feo9a4tGU8YzRY+AOzKkwuDycpAlbk4/ijsIOKHEUOThjBopo33fXqFD3ktm/wSQPtXPFiPhWNSHxgjpfyEc2B3KI8tuOAdl+CLjQr5ITAV2OTlgHNZnAh0AuvaWpoV499/e5/pnyXfHhe8ysjO65YDAvNVpXQKCAQAWplxYIEhQcE51AqOXVwQNNNo6NHjBVNTkpcAtJC7gT5bmHkvQkEq9rI837rHgnzGC0jyQQ8tkL4gAQWDt+coJsyB2p5wypifyRz6Rh5uixOdEvSCBVEy1W4AsNo0fqD7UielOD6BojjJCilx4xHjGjQUntxyaOrsLC+EsRGiWOefTznTbEBplqiuH9kxoJts+xy9LVZmDS7TtsC98kOmkltOlXVNb6/xF1PYZ9j897buHOSXC8iTgdzEpbaiH7B5HSPh++1/et1SEMWsiMt7lU92vAhErDR8C2jCXMiT+J67ai51LKSLZuovjntnhA6Y8UoELxoi34u1DFuHvF9veA4IBBQACggEAIBD8MOmy6TGYMAsX9RBd61kiqH76wVZ7DtukjHUu4d7E0apm/b6thQHSimnr/s+013KLULn5gC5PsYk5KThdYg2uoWsUipcAUGwfYSoHr6H3c8HyEF+OE+EOvvKYQAsTdqpkFTHBeniJd6f6ZPOEHCAZppcSprigh4WADMm5vaXO5cdNlk6rKPBHJ35STTpZyaou1ADp6EFTm8Hyqc0oQMC+wIrteTEEbhvYhki2TgyNlQlGPuIrWGEsblCBKRlH6Jyr83Ih/yhM2uFwY1/mcA+e0b8Ti44wuC1oGBditTRWB8BSwG9CoSmojGtHjOd4PoSDk24TJ+lAZos/WafQVA==	\N	\N
acda7a03-6625-4074-bbe2-18f7281b5599	500	MIICXAIBADCCAjUGByqGSM44BAEwggIoAoIBAQCPeTXZuarpv6vtiHrPSVG28y7FnjuvNxjo6sSWHz79NgbnQ1GpxBgzObgJ58KuHFObp0dbhdARrbi0eYd1SYRpXKwOjxSzNggooi/6JxEKPWKpk0U0CaD+aWxGWPhL3SCBnDcJoBBXsZWtzQAjPbpUhLYpH51kjviDRIZ3l5zsBLQ0pqwudemYXeI9sCkvwRGMn/qdgYHnM423krcw17njSVkvaAmYchU5Feo9a4tGU8YzRY+AOzKkwuDycpAlbk4/ijsIOKHEUOThjBopo33fXqFD3ktm/wSQPtXPFiPhWNSHxgjpfyEc2B3KI8tuOAdl+CLjQr5ITAV2OTlgHNZnAh0AuvaWpoV499/e5/pnyXfHhe8ysjO65YDAvNVpXQKCAQAWplxYIEhQcE51AqOXVwQNNNo6NHjBVNTkpcAtJC7gT5bmHkvQkEq9rI837rHgnzGC0jyQQ8tkL4gAQWDt+coJsyB2p5wypifyRz6Rh5uixOdEvSCBVEy1W4AsNo0fqD7UielOD6BojjJCilx4xHjGjQUntxyaOrsLC+EsRGiWOefTznTbEBplqiuH9kxoJts+xy9LVZmDS7TtsC98kOmkltOlXVNb6/xF1PYZ9j897buHOSXC8iTgdzEpbaiH7B5HSPh++1/et1SEMWsiMt7lU92vAhErDR8C2jCXMiT+J67ai51LKSLZuovjntnhA6Y8UoELxoi34u1DFuHvF9veBB4CHFxMFFPo7ifzKM+Ip1cf7YoITdE79oJu1QsEPrg=	MIIDQjCCAjUGByqGSM44BAEwggIoAoIBAQCPeTXZuarpv6vtiHrPSVG28y7FnjuvNxjo6sSWHz79NgbnQ1GpxBgzObgJ58KuHFObp0dbhdARrbi0eYd1SYRpXKwOjxSzNggooi/6JxEKPWKpk0U0CaD+aWxGWPhL3SCBnDcJoBBXsZWtzQAjPbpUhLYpH51kjviDRIZ3l5zsBLQ0pqwudemYXeI9sCkvwRGMn/qdgYHnM423krcw17njSVkvaAmYchU5Feo9a4tGU8YzRY+AOzKkwuDycpAlbk4/ijsIOKHEUOThjBopo33fXqFD3ktm/wSQPtXPFiPhWNSHxgjpfyEc2B3KI8tuOAdl+CLjQr5ITAV2OTlgHNZnAh0AuvaWpoV499/e5/pnyXfHhe8ysjO65YDAvNVpXQKCAQAWplxYIEhQcE51AqOXVwQNNNo6NHjBVNTkpcAtJC7gT5bmHkvQkEq9rI837rHgnzGC0jyQQ8tkL4gAQWDt+coJsyB2p5wypifyRz6Rh5uixOdEvSCBVEy1W4AsNo0fqD7UielOD6BojjJCilx4xHjGjQUntxyaOrsLC+EsRGiWOefTznTbEBplqiuH9kxoJts+xy9LVZmDS7TtsC98kOmkltOlXVNb6/xF1PYZ9j897buHOSXC8iTgdzEpbaiH7B5HSPh++1/et1SEMWsiMt7lU92vAhErDR8C2jCXMiT+J67ai51LKSLZuovjntnhA6Y8UoELxoi34u1DFuHvF9veA4IBBQACggEAYbbmsYgVh+UguQVpEgmZmarj+eF6dr8Hv+CXoqwFVAUx12fOjboSCYjcFl3INM2Xpj4WpITb/4oNAfnxlQKGdNpOWaEnAKvoPJI4Ory/Gb1gHj8ek3zkmuZbW8Lb+1EzvG/yMu/nOf5wNec86hmx2252eNDxxm+jo8ZORoAlAmFyEMSLsagHc5610UOxNauk/ouAfCCIvswjzA1fxuS+WU/224u/3aElUqo5BE+s5Scq52b1JzxgB7XUdSWc/SpVCDFD9IyTINrlfz5XTeYKVuaq79eQm8pTtzJ80xf8IK/fh765lrwk8Aq/s1WPvl3rIuTnXBGl8rr3g3A3atT6Mw==	\N	16d0f7c1-5fb5-4309-a726-c83db8f06630
bdc5bca2-60c4-4db6-888f-e470a3cc57c7	500	MIICXAIBADCCAjUGByqGSM44BAEwggIoAoIBAQCPeTXZuarpv6vtiHrPSVG28y7FnjuvNxjo6sSWHz79NgbnQ1GpxBgzObgJ58KuHFObp0dbhdARrbi0eYd1SYRpXKwOjxSzNggooi/6JxEKPWKpk0U0CaD+aWxGWPhL3SCBnDcJoBBXsZWtzQAjPbpUhLYpH51kjviDRIZ3l5zsBLQ0pqwudemYXeI9sCkvwRGMn/qdgYHnM423krcw17njSVkvaAmYchU5Feo9a4tGU8YzRY+AOzKkwuDycpAlbk4/ijsIOKHEUOThjBopo33fXqFD3ktm/wSQPtXPFiPhWNSHxgjpfyEc2B3KI8tuOAdl+CLjQr5ITAV2OTlgHNZnAh0AuvaWpoV499/e5/pnyXfHhe8ysjO65YDAvNVpXQKCAQAWplxYIEhQcE51AqOXVwQNNNo6NHjBVNTkpcAtJC7gT5bmHkvQkEq9rI837rHgnzGC0jyQQ8tkL4gAQWDt+coJsyB2p5wypifyRz6Rh5uixOdEvSCBVEy1W4AsNo0fqD7UielOD6BojjJCilx4xHjGjQUntxyaOrsLC+EsRGiWOefTznTbEBplqiuH9kxoJts+xy9LVZmDS7TtsC98kOmkltOlXVNb6/xF1PYZ9j897buHOSXC8iTgdzEpbaiH7B5HSPh++1/et1SEMWsiMt7lU92vAhErDR8C2jCXMiT+J67ai51LKSLZuovjntnhA6Y8UoELxoi34u1DFuHvF9veBB4CHHbBZ9JSQvNwIBC3xiKsbyEEq8yQ5QGiZRkJ2yA=	MIIDQjCCAjUGByqGSM44BAEwggIoAoIBAQCPeTXZuarpv6vtiHrPSVG28y7FnjuvNxjo6sSWHz79NgbnQ1GpxBgzObgJ58KuHFObp0dbhdARrbi0eYd1SYRpXKwOjxSzNggooi/6JxEKPWKpk0U0CaD+aWxGWPhL3SCBnDcJoBBXsZWtzQAjPbpUhLYpH51kjviDRIZ3l5zsBLQ0pqwudemYXeI9sCkvwRGMn/qdgYHnM423krcw17njSVkvaAmYchU5Feo9a4tGU8YzRY+AOzKkwuDycpAlbk4/ijsIOKHEUOThjBopo33fXqFD3ktm/wSQPtXPFiPhWNSHxgjpfyEc2B3KI8tuOAdl+CLjQr5ITAV2OTlgHNZnAh0AuvaWpoV499/e5/pnyXfHhe8ysjO65YDAvNVpXQKCAQAWplxYIEhQcE51AqOXVwQNNNo6NHjBVNTkpcAtJC7gT5bmHkvQkEq9rI837rHgnzGC0jyQQ8tkL4gAQWDt+coJsyB2p5wypifyRz6Rh5uixOdEvSCBVEy1W4AsNo0fqD7UielOD6BojjJCilx4xHjGjQUntxyaOrsLC+EsRGiWOefTznTbEBplqiuH9kxoJts+xy9LVZmDS7TtsC98kOmkltOlXVNb6/xF1PYZ9j897buHOSXC8iTgdzEpbaiH7B5HSPh++1/et1SEMWsiMt7lU92vAhErDR8C2jCXMiT+J67ai51LKSLZuovjntnhA6Y8UoELxoi34u1DFuHvF9veA4IBBQACggEAVS46GNT6yi11xddyDTC0hbK32rnT4OrHXlHP646KIByIOoy5u/xOLQSwdtz30vYdXky8ch4gB/wKaeXXWbfWFpMMYm2lcPXbYCLbe+1xYnKbSRm6KvdbdSR7EwY6kx0cGygez6cGKP+P5ugkiqsmSLukWAKylFe6ZHbmGv7nblHfV0+cC60rY0OLRZDzWmcWPGtd3UaoaM2w6OVtFjbsM3OLFRl0ggLTs9l7t8DdXB68uzc4pmrd7Orv8pu3UpO1tveLZyWavF3/01OeVX8DyH1sBoEkr8DV6ZomIPBqyyS8hV/5rBGiY1srPfqAAWequVIMzVo18FK++jJmzPJSaQ==	\N	\N
340b2c84-7ca3-4252-acab-daa2a12dac6f	500	MIICXAIBADCCAjUGByqGSM44BAEwggIoAoIBAQCPeTXZuarpv6vtiHrPSVG28y7FnjuvNxjo6sSWHz79NgbnQ1GpxBgzObgJ58KuHFObp0dbhdARrbi0eYd1SYRpXKwOjxSzNggooi/6JxEKPWKpk0U0CaD+aWxGWPhL3SCBnDcJoBBXsZWtzQAjPbpUhLYpH51kjviDRIZ3l5zsBLQ0pqwudemYXeI9sCkvwRGMn/qdgYHnM423krcw17njSVkvaAmYchU5Feo9a4tGU8YzRY+AOzKkwuDycpAlbk4/ijsIOKHEUOThjBopo33fXqFD3ktm/wSQPtXPFiPhWNSHxgjpfyEc2B3KI8tuOAdl+CLjQr5ITAV2OTlgHNZnAh0AuvaWpoV499/e5/pnyXfHhe8ysjO65YDAvNVpXQKCAQAWplxYIEhQcE51AqOXVwQNNNo6NHjBVNTkpcAtJC7gT5bmHkvQkEq9rI837rHgnzGC0jyQQ8tkL4gAQWDt+coJsyB2p5wypifyRz6Rh5uixOdEvSCBVEy1W4AsNo0fqD7UielOD6BojjJCilx4xHjGjQUntxyaOrsLC+EsRGiWOefTznTbEBplqiuH9kxoJts+xy9LVZmDS7TtsC98kOmkltOlXVNb6/xF1PYZ9j897buHOSXC8iTgdzEpbaiH7B5HSPh++1/et1SEMWsiMt7lU92vAhErDR8C2jCXMiT+J67ai51LKSLZuovjntnhA6Y8UoELxoi34u1DFuHvF9veBB4CHCsqikb/63/WbEd3WL7gUcWllVCJlnVMOELInlo=	MIIDQjCCAjUGByqGSM44BAEwggIoAoIBAQCPeTXZuarpv6vtiHrPSVG28y7FnjuvNxjo6sSWHz79NgbnQ1GpxBgzObgJ58KuHFObp0dbhdARrbi0eYd1SYRpXKwOjxSzNggooi/6JxEKPWKpk0U0CaD+aWxGWPhL3SCBnDcJoBBXsZWtzQAjPbpUhLYpH51kjviDRIZ3l5zsBLQ0pqwudemYXeI9sCkvwRGMn/qdgYHnM423krcw17njSVkvaAmYchU5Feo9a4tGU8YzRY+AOzKkwuDycpAlbk4/ijsIOKHEUOThjBopo33fXqFD3ktm/wSQPtXPFiPhWNSHxgjpfyEc2B3KI8tuOAdl+CLjQr5ITAV2OTlgHNZnAh0AuvaWpoV499/e5/pnyXfHhe8ysjO65YDAvNVpXQKCAQAWplxYIEhQcE51AqOXVwQNNNo6NHjBVNTkpcAtJC7gT5bmHkvQkEq9rI837rHgnzGC0jyQQ8tkL4gAQWDt+coJsyB2p5wypifyRz6Rh5uixOdEvSCBVEy1W4AsNo0fqD7UielOD6BojjJCilx4xHjGjQUntxyaOrsLC+EsRGiWOefTznTbEBplqiuH9kxoJts+xy9LVZmDS7TtsC98kOmkltOlXVNb6/xF1PYZ9j897buHOSXC8iTgdzEpbaiH7B5HSPh++1/et1SEMWsiMt7lU92vAhErDR8C2jCXMiT+J67ai51LKSLZuovjntnhA6Y8UoELxoi34u1DFuHvF9veA4IBBQACggEAV96FmgrX+cWhXUzcDvoS9V00PyG3CDhQq7IbkjEoalbaMU2cc7DcZaWFyNoLnruiLVSlhSjQW+L9Z/m6WCs5dVV9eN7ZfdxGtvX0Rofsi0tLymQsZ5jSwOGqhbKZA9hxo/faQCQ1DJA+HYoLQPBv+ZR/IMqM56pQMozlC8aATpaD/63IQqH/DYNHKDbSmcXvppXXEgvjfUB3hVTmf8s74SvpVYlubTM96RxfWl4FhWKTE4eh1fMBaSWq6silLBN3iCjwWgunQfmoawvn4oAkLIeA2gAxZqEbNhqY0jbyJRQCRS4BRs0OW6J5Yrjl3Ujg4FwlI0WjFZD5uLahI5rvwg==	\N	\N
fa7adf50-5efd-422d-ab2a-ae35c32698e7	500	MIICXAIBADCCAjUGByqGSM44BAEwggIoAoIBAQCPeTXZuarpv6vtiHrPSVG28y7FnjuvNxjo6sSWHz79NgbnQ1GpxBgzObgJ58KuHFObp0dbhdARrbi0eYd1SYRpXKwOjxSzNggooi/6JxEKPWKpk0U0CaD+aWxGWPhL3SCBnDcJoBBXsZWtzQAjPbpUhLYpH51kjviDRIZ3l5zsBLQ0pqwudemYXeI9sCkvwRGMn/qdgYHnM423krcw17njSVkvaAmYchU5Feo9a4tGU8YzRY+AOzKkwuDycpAlbk4/ijsIOKHEUOThjBopo33fXqFD3ktm/wSQPtXPFiPhWNSHxgjpfyEc2B3KI8tuOAdl+CLjQr5ITAV2OTlgHNZnAh0AuvaWpoV499/e5/pnyXfHhe8ysjO65YDAvNVpXQKCAQAWplxYIEhQcE51AqOXVwQNNNo6NHjBVNTkpcAtJC7gT5bmHkvQkEq9rI837rHgnzGC0jyQQ8tkL4gAQWDt+coJsyB2p5wypifyRz6Rh5uixOdEvSCBVEy1W4AsNo0fqD7UielOD6BojjJCilx4xHjGjQUntxyaOrsLC+EsRGiWOefTznTbEBplqiuH9kxoJts+xy9LVZmDS7TtsC98kOmkltOlXVNb6/xF1PYZ9j897buHOSXC8iTgdzEpbaiH7B5HSPh++1/et1SEMWsiMt7lU92vAhErDR8C2jCXMiT+J67ai51LKSLZuovjntnhA6Y8UoELxoi34u1DFuHvF9veBB4CHF18+zgj80P+0z8GJEIahXOlZ6MoiV9xmR581g0=	MIIDQjCCAjUGByqGSM44BAEwggIoAoIBAQCPeTXZuarpv6vtiHrPSVG28y7FnjuvNxjo6sSWHz79NgbnQ1GpxBgzObgJ58KuHFObp0dbhdARrbi0eYd1SYRpXKwOjxSzNggooi/6JxEKPWKpk0U0CaD+aWxGWPhL3SCBnDcJoBBXsZWtzQAjPbpUhLYpH51kjviDRIZ3l5zsBLQ0pqwudemYXeI9sCkvwRGMn/qdgYHnM423krcw17njSVkvaAmYchU5Feo9a4tGU8YzRY+AOzKkwuDycpAlbk4/ijsIOKHEUOThjBopo33fXqFD3ktm/wSQPtXPFiPhWNSHxgjpfyEc2B3KI8tuOAdl+CLjQr5ITAV2OTlgHNZnAh0AuvaWpoV499/e5/pnyXfHhe8ysjO65YDAvNVpXQKCAQAWplxYIEhQcE51AqOXVwQNNNo6NHjBVNTkpcAtJC7gT5bmHkvQkEq9rI837rHgnzGC0jyQQ8tkL4gAQWDt+coJsyB2p5wypifyRz6Rh5uixOdEvSCBVEy1W4AsNo0fqD7UielOD6BojjJCilx4xHjGjQUntxyaOrsLC+EsRGiWOefTznTbEBplqiuH9kxoJts+xy9LVZmDS7TtsC98kOmkltOlXVNb6/xF1PYZ9j897buHOSXC8iTgdzEpbaiH7B5HSPh++1/et1SEMWsiMt7lU92vAhErDR8C2jCXMiT+J67ai51LKSLZuovjntnhA6Y8UoELxoi34u1DFuHvF9veA4IBBQACggEAeHq4C7Q0cz1o/xenJMPII9oOlhRbTc+u88MxHGM8z8mMvoxtawMvyBgunjSlATPRyB4lHoJsoFyiwnSXT4Dg5Ncphwq5e0KjtnHvr77dlhEBqIvaZ/6QaH4HyUH3S2AEoheRZWlhjWfa03zAgbyEGVyRtz9hDAhGjpTA8ejJcvaIBB6/7OPf9JKOvj5y4JRdbj5lrU1HAqL0dOen+bcg97IHol5dLyzBta/eHifI8XJSYckHzFAVTYN01kpvWlXS+Ut3+yMbNk950oKEb8NUkpHsLaOoiEKzBwXqPPLgY/qNc4WqRk8CoIO5/N7j0i+7reXn7uHNQS7lZa0/1eKsZQ==	\N	6ed50788-b5b8-4ccf-9341-3856484d92a5
ec3baf5d-9aa9-402b-b988-80b2103a0859	499	MIICXAIBADCCAjUGByqGSM44BAEwggIoAoIBAQCPeTXZuarpv6vtiHrPSVG28y7FnjuvNxjo6sSWHz79NgbnQ1GpxBgzObgJ58KuHFObp0dbhdARrbi0eYd1SYRpXKwOjxSzNggooi/6JxEKPWKpk0U0CaD+aWxGWPhL3SCBnDcJoBBXsZWtzQAjPbpUhLYpH51kjviDRIZ3l5zsBLQ0pqwudemYXeI9sCkvwRGMn/qdgYHnM423krcw17njSVkvaAmYchU5Feo9a4tGU8YzRY+AOzKkwuDycpAlbk4/ijsIOKHEUOThjBopo33fXqFD3ktm/wSQPtXPFiPhWNSHxgjpfyEc2B3KI8tuOAdl+CLjQr5ITAV2OTlgHNZnAh0AuvaWpoV499/e5/pnyXfHhe8ysjO65YDAvNVpXQKCAQAWplxYIEhQcE51AqOXVwQNNNo6NHjBVNTkpcAtJC7gT5bmHkvQkEq9rI837rHgnzGC0jyQQ8tkL4gAQWDt+coJsyB2p5wypifyRz6Rh5uixOdEvSCBVEy1W4AsNo0fqD7UielOD6BojjJCilx4xHjGjQUntxyaOrsLC+EsRGiWOefTznTbEBplqiuH9kxoJts+xy9LVZmDS7TtsC98kOmkltOlXVNb6/xF1PYZ9j897buHOSXC8iTgdzEpbaiH7B5HSPh++1/et1SEMWsiMt7lU92vAhErDR8C2jCXMiT+J67ai51LKSLZuovjntnhA6Y8UoELxoi34u1DFuHvF9veBB4CHGZt8JZxh8+SWfLtFPsjAfT1Mf46IbxeXKV8ZWo=	MIIDQjCCAjUGByqGSM44BAEwggIoAoIBAQCPeTXZuarpv6vtiHrPSVG28y7FnjuvNxjo6sSWHz79NgbnQ1GpxBgzObgJ58KuHFObp0dbhdARrbi0eYd1SYRpXKwOjxSzNggooi/6JxEKPWKpk0U0CaD+aWxGWPhL3SCBnDcJoBBXsZWtzQAjPbpUhLYpH51kjviDRIZ3l5zsBLQ0pqwudemYXeI9sCkvwRGMn/qdgYHnM423krcw17njSVkvaAmYchU5Feo9a4tGU8YzRY+AOzKkwuDycpAlbk4/ijsIOKHEUOThjBopo33fXqFD3ktm/wSQPtXPFiPhWNSHxgjpfyEc2B3KI8tuOAdl+CLjQr5ITAV2OTlgHNZnAh0AuvaWpoV499/e5/pnyXfHhe8ysjO65YDAvNVpXQKCAQAWplxYIEhQcE51AqOXVwQNNNo6NHjBVNTkpcAtJC7gT5bmHkvQkEq9rI837rHgnzGC0jyQQ8tkL4gAQWDt+coJsyB2p5wypifyRz6Rh5uixOdEvSCBVEy1W4AsNo0fqD7UielOD6BojjJCilx4xHjGjQUntxyaOrsLC+EsRGiWOefTznTbEBplqiuH9kxoJts+xy9LVZmDS7TtsC98kOmkltOlXVNb6/xF1PYZ9j897buHOSXC8iTgdzEpbaiH7B5HSPh++1/et1SEMWsiMt7lU92vAhErDR8C2jCXMiT+J67ai51LKSLZuovjntnhA6Y8UoELxoi34u1DFuHvF9veA4IBBQACggEAWR09e1SBfRbhKm4S7dAAdwMcnC29yMrQ0B1Q8hniHfh2fOMni62EphJBhlfwRkIjlsdWNfrOKYAY/JKgBywRr2us7hzw0GqNAwaNOzIvPP4Ls2bnxEyyRQNIbXHuEbFBjZxNjFP75OxVG7C9A/aCCPo6a0gH0nv/1fhX4Mh+lin3CuVP7+JapAiro6Yv+4Z0Hp0p2w13aeOZ0L1GXQxki7CWm5WJwNTPphOhb2TVUc85sH307iOtBU/+MuONhJJks0A9/ZM33UYqTdCTH8qSBZPuOdRR01YFFstIpse6a2xp2BVf64s/ZE/9bunntmEvPPaEfOow9ATlWVO7NWByfw==	\N	6ed50788-b5b8-4ccf-9341-3856484d92a5
d170c1d1-6f6b-4606-ad27-9e2a12f87fd6	510	MIICXAIBADCCAjUGByqGSM44BAEwggIoAoIBAQCPeTXZuarpv6vtiHrPSVG28y7FnjuvNxjo6sSWHz79NgbnQ1GpxBgzObgJ58KuHFObp0dbhdARrbi0eYd1SYRpXKwOjxSzNggooi/6JxEKPWKpk0U0CaD+aWxGWPhL3SCBnDcJoBBXsZWtzQAjPbpUhLYpH51kjviDRIZ3l5zsBLQ0pqwudemYXeI9sCkvwRGMn/qdgYHnM423krcw17njSVkvaAmYchU5Feo9a4tGU8YzRY+AOzKkwuDycpAlbk4/ijsIOKHEUOThjBopo33fXqFD3ktm/wSQPtXPFiPhWNSHxgjpfyEc2B3KI8tuOAdl+CLjQr5ITAV2OTlgHNZnAh0AuvaWpoV499/e5/pnyXfHhe8ysjO65YDAvNVpXQKCAQAWplxYIEhQcE51AqOXVwQNNNo6NHjBVNTkpcAtJC7gT5bmHkvQkEq9rI837rHgnzGC0jyQQ8tkL4gAQWDt+coJsyB2p5wypifyRz6Rh5uixOdEvSCBVEy1W4AsNo0fqD7UielOD6BojjJCilx4xHjGjQUntxyaOrsLC+EsRGiWOefTznTbEBplqiuH9kxoJts+xy9LVZmDS7TtsC98kOmkltOlXVNb6/xF1PYZ9j897buHOSXC8iTgdzEpbaiH7B5HSPh++1/et1SEMWsiMt7lU92vAhErDR8C2jCXMiT+J67ai51LKSLZuovjntnhA6Y8UoELxoi34u1DFuHvF9veBB4CHHCcFLRxw13ixxr7AqZnnPhBXIzfhNqFN5JB6Dk=	MIIDQjCCAjUGByqGSM44BAEwggIoAoIBAQCPeTXZuarpv6vtiHrPSVG28y7FnjuvNxjo6sSWHz79NgbnQ1GpxBgzObgJ58KuHFObp0dbhdARrbi0eYd1SYRpXKwOjxSzNggooi/6JxEKPWKpk0U0CaD+aWxGWPhL3SCBnDcJoBBXsZWtzQAjPbpUhLYpH51kjviDRIZ3l5zsBLQ0pqwudemYXeI9sCkvwRGMn/qdgYHnM423krcw17njSVkvaAmYchU5Feo9a4tGU8YzRY+AOzKkwuDycpAlbk4/ijsIOKHEUOThjBopo33fXqFD3ktm/wSQPtXPFiPhWNSHxgjpfyEc2B3KI8tuOAdl+CLjQr5ITAV2OTlgHNZnAh0AuvaWpoV499/e5/pnyXfHhe8ysjO65YDAvNVpXQKCAQAWplxYIEhQcE51AqOXVwQNNNo6NHjBVNTkpcAtJC7gT5bmHkvQkEq9rI837rHgnzGC0jyQQ8tkL4gAQWDt+coJsyB2p5wypifyRz6Rh5uixOdEvSCBVEy1W4AsNo0fqD7UielOD6BojjJCilx4xHjGjQUntxyaOrsLC+EsRGiWOefTznTbEBplqiuH9kxoJts+xy9LVZmDS7TtsC98kOmkltOlXVNb6/xF1PYZ9j897buHOSXC8iTgdzEpbaiH7B5HSPh++1/et1SEMWsiMt7lU92vAhErDR8C2jCXMiT+J67ai51LKSLZuovjntnhA6Y8UoELxoi34u1DFuHvF9veA4IBBQACggEAHokm8FsO048fkglCO80PVmzl5I5UPu3TUZwRLyPOWrZQ3zsKpXgVK5DQJf/UjhQDMIA1KvXKtUF1NlXviC7COxnyEpT64wI22eWBR/OZzjHSO+pjbPZKPDpSnhn+gtoXjzB+5BDQjdhNFSZCsqfcm54biGvfRCDPBK2sfFR827F3m8Ft4qQZcoL0GTCXlParfuf9p6dNWK9H1Uab+rBnT9p5Pyjl3IiM0E48p4UHPAKf59IJ5XAgsXElfw7Fd9EXMM9OCLLspwmATscDibN90pL8tUjQb4o7oL3sQycx78dQauotTG+VY6PqobxfjDYQro2eEzrRVpsbgM585Ja1Sw==	\N	1c64fbf7-80b6-4e44-b9e4-48b8bee8c668
357a5e0d-358f-47de-8db3-d51e8e51f697	11	MIICXQIBADCCAjUGByqGSM44BAEwggIoAoIBAQCPeTXZuarpv6vtiHrPSVG28y7FnjuvNxjo6sSWHz79NgbnQ1GpxBgzObgJ58KuHFObp0dbhdARrbi0eYd1SYRpXKwOjxSzNggooi/6JxEKPWKpk0U0CaD+aWxGWPhL3SCBnDcJoBBXsZWtzQAjPbpUhLYpH51kjviDRIZ3l5zsBLQ0pqwudemYXeI9sCkvwRGMn/qdgYHnM423krcw17njSVkvaAmYchU5Feo9a4tGU8YzRY+AOzKkwuDycpAlbk4/ijsIOKHEUOThjBopo33fXqFD3ktm/wSQPtXPFiPhWNSHxgjpfyEc2B3KI8tuOAdl+CLjQr5ITAV2OTlgHNZnAh0AuvaWpoV499/e5/pnyXfHhe8ysjO65YDAvNVpXQKCAQAWplxYIEhQcE51AqOXVwQNNNo6NHjBVNTkpcAtJC7gT5bmHkvQkEq9rI837rHgnzGC0jyQQ8tkL4gAQWDt+coJsyB2p5wypifyRz6Rh5uixOdEvSCBVEy1W4AsNo0fqD7UielOD6BojjJCilx4xHjGjQUntxyaOrsLC+EsRGiWOefTznTbEBplqiuH9kxoJts+xy9LVZmDS7TtsC98kOmkltOlXVNb6/xF1PYZ9j897buHOSXC8iTgdzEpbaiH7B5HSPh++1/et1SEMWsiMt7lU92vAhErDR8C2jCXMiT+J67ai51LKSLZuovjntnhA6Y8UoELxoi34u1DFuHvF9veBB8CHQCYz9PZI9tB6VPsyRAA68YOcAsPykdXas8khhGq	MIIDQjCCAjUGByqGSM44BAEwggIoAoIBAQCPeTXZuarpv6vtiHrPSVG28y7FnjuvNxjo6sSWHz79NgbnQ1GpxBgzObgJ58KuHFObp0dbhdARrbi0eYd1SYRpXKwOjxSzNggooi/6JxEKPWKpk0U0CaD+aWxGWPhL3SCBnDcJoBBXsZWtzQAjPbpUhLYpH51kjviDRIZ3l5zsBLQ0pqwudemYXeI9sCkvwRGMn/qdgYHnM423krcw17njSVkvaAmYchU5Feo9a4tGU8YzRY+AOzKkwuDycpAlbk4/ijsIOKHEUOThjBopo33fXqFD3ktm/wSQPtXPFiPhWNSHxgjpfyEc2B3KI8tuOAdl+CLjQr5ITAV2OTlgHNZnAh0AuvaWpoV499/e5/pnyXfHhe8ysjO65YDAvNVpXQKCAQAWplxYIEhQcE51AqOXVwQNNNo6NHjBVNTkpcAtJC7gT5bmHkvQkEq9rI837rHgnzGC0jyQQ8tkL4gAQWDt+coJsyB2p5wypifyRz6Rh5uixOdEvSCBVEy1W4AsNo0fqD7UielOD6BojjJCilx4xHjGjQUntxyaOrsLC+EsRGiWOefTznTbEBplqiuH9kxoJts+xy9LVZmDS7TtsC98kOmkltOlXVNb6/xF1PYZ9j897buHOSXC8iTgdzEpbaiH7B5HSPh++1/et1SEMWsiMt7lU92vAhErDR8C2jCXMiT+J67ai51LKSLZuovjntnhA6Y8UoELxoi34u1DFuHvF9veA4IBBQACggEAU87uUyyKiBIktAq6FsSnZyWGRM/s9yGXcADYBDEKFzlZsCtYMbF4WKsyUs3XieJ4VHKjS1CybSbbgSh1KJue4qvVlYz6mwHHGvvaG0rclLRWwuKNbE4p1ZqzP0LGyevN2LTDlSMKxMABENDlugAtjruUBdlU8BKqXz7h11R4QQqkNzy+oTt7A0fjq/qvaIfDiOvQbqjq7RZRNjUHrt9+NYM6YZccU0rEh7nwCfyafpIUlIWI+VdGXxNS5dl2mZwTiPX7W1pXDcAkPTL8pUnX9UvO/AHbZkgyIjedLIBXZfv3/VSRqxoxzyftRmndXaWWoazyh1geAAmWkRQZs+Af3w==	\N	072cb66d-732c-4da1-9673-9416785202bc
8732643c-d34e-4f76-9a6b-9b87176e214b	480	MIICXAIBADCCAjUGByqGSM44BAEwggIoAoIBAQCPeTXZuarpv6vtiHrPSVG28y7FnjuvNxjo6sSWHz79NgbnQ1GpxBgzObgJ58KuHFObp0dbhdARrbi0eYd1SYRpXKwOjxSzNggooi/6JxEKPWKpk0U0CaD+aWxGWPhL3SCBnDcJoBBXsZWtzQAjPbpUhLYpH51kjviDRIZ3l5zsBLQ0pqwudemYXeI9sCkvwRGMn/qdgYHnM423krcw17njSVkvaAmYchU5Feo9a4tGU8YzRY+AOzKkwuDycpAlbk4/ijsIOKHEUOThjBopo33fXqFD3ktm/wSQPtXPFiPhWNSHxgjpfyEc2B3KI8tuOAdl+CLjQr5ITAV2OTlgHNZnAh0AuvaWpoV499/e5/pnyXfHhe8ysjO65YDAvNVpXQKCAQAWplxYIEhQcE51AqOXVwQNNNo6NHjBVNTkpcAtJC7gT5bmHkvQkEq9rI837rHgnzGC0jyQQ8tkL4gAQWDt+coJsyB2p5wypifyRz6Rh5uixOdEvSCBVEy1W4AsNo0fqD7UielOD6BojjJCilx4xHjGjQUntxyaOrsLC+EsRGiWOefTznTbEBplqiuH9kxoJts+xy9LVZmDS7TtsC98kOmkltOlXVNb6/xF1PYZ9j897buHOSXC8iTgdzEpbaiH7B5HSPh++1/et1SEMWsiMt7lU92vAhErDR8C2jCXMiT+J67ai51LKSLZuovjntnhA6Y8UoELxoi34u1DFuHvF9veBB4CHECxecF6Ch39oKUCS5lqGKpDzc1WJAO2sHlhzTs=	MIIDQjCCAjUGByqGSM44BAEwggIoAoIBAQCPeTXZuarpv6vtiHrPSVG28y7FnjuvNxjo6sSWHz79NgbnQ1GpxBgzObgJ58KuHFObp0dbhdARrbi0eYd1SYRpXKwOjxSzNggooi/6JxEKPWKpk0U0CaD+aWxGWPhL3SCBnDcJoBBXsZWtzQAjPbpUhLYpH51kjviDRIZ3l5zsBLQ0pqwudemYXeI9sCkvwRGMn/qdgYHnM423krcw17njSVkvaAmYchU5Feo9a4tGU8YzRY+AOzKkwuDycpAlbk4/ijsIOKHEUOThjBopo33fXqFD3ktm/wSQPtXPFiPhWNSHxgjpfyEc2B3KI8tuOAdl+CLjQr5ITAV2OTlgHNZnAh0AuvaWpoV499/e5/pnyXfHhe8ysjO65YDAvNVpXQKCAQAWplxYIEhQcE51AqOXVwQNNNo6NHjBVNTkpcAtJC7gT5bmHkvQkEq9rI837rHgnzGC0jyQQ8tkL4gAQWDt+coJsyB2p5wypifyRz6Rh5uixOdEvSCBVEy1W4AsNo0fqD7UielOD6BojjJCilx4xHjGjQUntxyaOrsLC+EsRGiWOefTznTbEBplqiuH9kxoJts+xy9LVZmDS7TtsC98kOmkltOlXVNb6/xF1PYZ9j897buHOSXC8iTgdzEpbaiH7B5HSPh++1/et1SEMWsiMt7lU92vAhErDR8C2jCXMiT+J67ai51LKSLZuovjntnhA6Y8UoELxoi34u1DFuHvF9veA4IBBQACggEAPhBHEZ673jVutEYpZ0VRt4na/dRj6kBCwvkry2X+FHB6wOwX52Rkdsr+vhOg77bkoy//GEwFZiTpQRYd3Rt6wqsKkkJu4BdESUlagPHhE+Q7DtIF3Z/HXnPgHVmUh+CE54qze3S1/qYIeTCHLh5uraJBkpEQHWMg3Kh3MYPatsvolRpUiAO5kkjloh8n95xDnSl+A2A0UMa/aIbNBxiDl5/LZIMHKFvHj3kWdkPhAHq4uVZ1Y/fBhd+0aSWAFXXhkyvD4p7THaljGPL5JOnWavP6zqMinV1G2TM6Mz0Z+09/6hAAMxE5ukKPdT3epC8SShCBJLJD5eOYtc+o7pBNLw==	\N	1c64fbf7-80b6-4e44-b9e4-48b8bee8c668
39ca4b0e-fe7b-46ad-9b44-e482bac5214b	440	MIICXQIBADCCAjUGByqGSM44BAEwggIoAoIBAQCPeTXZuarpv6vtiHrPSVG28y7FnjuvNxjo6sSWHz79NgbnQ1GpxBgzObgJ58KuHFObp0dbhdARrbi0eYd1SYRpXKwOjxSzNggooi/6JxEKPWKpk0U0CaD+aWxGWPhL3SCBnDcJoBBXsZWtzQAjPbpUhLYpH51kjviDRIZ3l5zsBLQ0pqwudemYXeI9sCkvwRGMn/qdgYHnM423krcw17njSVkvaAmYchU5Feo9a4tGU8YzRY+AOzKkwuDycpAlbk4/ijsIOKHEUOThjBopo33fXqFD3ktm/wSQPtXPFiPhWNSHxgjpfyEc2B3KI8tuOAdl+CLjQr5ITAV2OTlgHNZnAh0AuvaWpoV499/e5/pnyXfHhe8ysjO65YDAvNVpXQKCAQAWplxYIEhQcE51AqOXVwQNNNo6NHjBVNTkpcAtJC7gT5bmHkvQkEq9rI837rHgnzGC0jyQQ8tkL4gAQWDt+coJsyB2p5wypifyRz6Rh5uixOdEvSCBVEy1W4AsNo0fqD7UielOD6BojjJCilx4xHjGjQUntxyaOrsLC+EsRGiWOefTznTbEBplqiuH9kxoJts+xy9LVZmDS7TtsC98kOmkltOlXVNb6/xF1PYZ9j897buHOSXC8iTgdzEpbaiH7B5HSPh++1/et1SEMWsiMt7lU92vAhErDR8C2jCXMiT+J67ai51LKSLZuovjntnhA6Y8UoELxoi34u1DFuHvF9veBB8CHQCzXVa5biYwU9YhZqyemHtTfrUHwyvIqqrwH5Rz	MIIDQjCCAjUGByqGSM44BAEwggIoAoIBAQCPeTXZuarpv6vtiHrPSVG28y7FnjuvNxjo6sSWHz79NgbnQ1GpxBgzObgJ58KuHFObp0dbhdARrbi0eYd1SYRpXKwOjxSzNggooi/6JxEKPWKpk0U0CaD+aWxGWPhL3SCBnDcJoBBXsZWtzQAjPbpUhLYpH51kjviDRIZ3l5zsBLQ0pqwudemYXeI9sCkvwRGMn/qdgYHnM423krcw17njSVkvaAmYchU5Feo9a4tGU8YzRY+AOzKkwuDycpAlbk4/ijsIOKHEUOThjBopo33fXqFD3ktm/wSQPtXPFiPhWNSHxgjpfyEc2B3KI8tuOAdl+CLjQr5ITAV2OTlgHNZnAh0AuvaWpoV499/e5/pnyXfHhe8ysjO65YDAvNVpXQKCAQAWplxYIEhQcE51AqOXVwQNNNo6NHjBVNTkpcAtJC7gT5bmHkvQkEq9rI837rHgnzGC0jyQQ8tkL4gAQWDt+coJsyB2p5wypifyRz6Rh5uixOdEvSCBVEy1W4AsNo0fqD7UielOD6BojjJCilx4xHjGjQUntxyaOrsLC+EsRGiWOefTznTbEBplqiuH9kxoJts+xy9LVZmDS7TtsC98kOmkltOlXVNb6/xF1PYZ9j897buHOSXC8iTgdzEpbaiH7B5HSPh++1/et1SEMWsiMt7lU92vAhErDR8C2jCXMiT+J67ai51LKSLZuovjntnhA6Y8UoELxoi34u1DFuHvF9veA4IBBQACggEAAXFn3y8zhTYG/vUNMZpKFBMlRygxGKF36eydUbkyByXpEIvPndzqlaUfb5k0h550iSdoOXMz5HFFOtLhcjqfaiS7VjrCVVMCHJbfpQqiZprchYZadBVpS6bj/paJX1Ylc81N9pllanH1oubpGkjyjGpLdSvTs4RtetXXIFPVuxOMLXYxfpshAr8mpZN6BrMYOEK6wCxIDV9ZNJGxXFY09JNWYXxWPXoy/4M1s66aVeysQ/NaT442DLodaBa1mYAUHl10R77J1GukoKp4VwRZIUiP0RCCOBm/s/c3XNuvb1qngHAB203jqx4SUNrvvdtTVZEB61etXqZiNP0DG90HdA==	\N	dc716046-69d3-4908-bf47-96b25ec730fe
698d4109-11cc-42f9-9ecf-4f473c4bd0e6	721.1	MIICXQIBADCCAjUGByqGSM44BAEwggIoAoIBAQCPeTXZuarpv6vtiHrPSVG28y7FnjuvNxjo6sSWHz79NgbnQ1GpxBgzObgJ58KuHFObp0dbhdARrbi0eYd1SYRpXKwOjxSzNggooi/6JxEKPWKpk0U0CaD+aWxGWPhL3SCBnDcJoBBXsZWtzQAjPbpUhLYpH51kjviDRIZ3l5zsBLQ0pqwudemYXeI9sCkvwRGMn/qdgYHnM423krcw17njSVkvaAmYchU5Feo9a4tGU8YzRY+AOzKkwuDycpAlbk4/ijsIOKHEUOThjBopo33fXqFD3ktm/wSQPtXPFiPhWNSHxgjpfyEc2B3KI8tuOAdl+CLjQr5ITAV2OTlgHNZnAh0AuvaWpoV499/e5/pnyXfHhe8ysjO65YDAvNVpXQKCAQAWplxYIEhQcE51AqOXVwQNNNo6NHjBVNTkpcAtJC7gT5bmHkvQkEq9rI837rHgnzGC0jyQQ8tkL4gAQWDt+coJsyB2p5wypifyRz6Rh5uixOdEvSCBVEy1W4AsNo0fqD7UielOD6BojjJCilx4xHjGjQUntxyaOrsLC+EsRGiWOefTznTbEBplqiuH9kxoJts+xy9LVZmDS7TtsC98kOmkltOlXVNb6/xF1PYZ9j897buHOSXC8iTgdzEpbaiH7B5HSPh++1/et1SEMWsiMt7lU92vAhErDR8C2jCXMiT+J67ai51LKSLZuovjntnhA6Y8UoELxoi34u1DFuHvF9veBB8CHQCkvO8AsNQMkxCxpX2lTAxCzRlWMenqjMv3cFmT	MIIDQjCCAjUGByqGSM44BAEwggIoAoIBAQCPeTXZuarpv6vtiHrPSVG28y7FnjuvNxjo6sSWHz79NgbnQ1GpxBgzObgJ58KuHFObp0dbhdARrbi0eYd1SYRpXKwOjxSzNggooi/6JxEKPWKpk0U0CaD+aWxGWPhL3SCBnDcJoBBXsZWtzQAjPbpUhLYpH51kjviDRIZ3l5zsBLQ0pqwudemYXeI9sCkvwRGMn/qdgYHnM423krcw17njSVkvaAmYchU5Feo9a4tGU8YzRY+AOzKkwuDycpAlbk4/ijsIOKHEUOThjBopo33fXqFD3ktm/wSQPtXPFiPhWNSHxgjpfyEc2B3KI8tuOAdl+CLjQr5ITAV2OTlgHNZnAh0AuvaWpoV499/e5/pnyXfHhe8ysjO65YDAvNVpXQKCAQAWplxYIEhQcE51AqOXVwQNNNo6NHjBVNTkpcAtJC7gT5bmHkvQkEq9rI837rHgnzGC0jyQQ8tkL4gAQWDt+coJsyB2p5wypifyRz6Rh5uixOdEvSCBVEy1W4AsNo0fqD7UielOD6BojjJCilx4xHjGjQUntxyaOrsLC+EsRGiWOefTznTbEBplqiuH9kxoJts+xy9LVZmDS7TtsC98kOmkltOlXVNb6/xF1PYZ9j897buHOSXC8iTgdzEpbaiH7B5HSPh++1/et1SEMWsiMt7lU92vAhErDR8C2jCXMiT+J67ai51LKSLZuovjntnhA6Y8UoELxoi34u1DFuHvF9veA4IBBQACggEAeIs+pkWUGTgUFbI90XyBiTvuYfenNcl0jX642di9140aSQThLgmnaW/KZYh7ld3heELGi18oRFWJQBlbU84/92u3qLKV4oQFAA69St75kYsAhe0QxM3EVbk+khRW1PdocbzEC4UDTg1s119Wge9navlLa7ejUQzI543q3Op2VaZjKCKrpiaYxuLFpWulunv3CtUs60DXuDFaOgF5wsIE7h/mTBpvbq7yRmi+0lS9lKeq7eaP1LTLNucNYfa7M208Qa5db9ZGNy4l8VTne+OZ8vq3SFj1xRinFLzimr6ukBf6HwJnKrZX76MzlG3+/pZp0qvKFJcU1HXOO4+VqvbmBA==	\N	16d0f7c1-5fb5-4309-a726-c83db8f06630
\.


--
-- Data for Name: 49256..49298; Type: BLOBS; Schema: -; Owner: hugo
--

BEGIN;

SELECT pg_catalog.lo_open('49256', 131072);
SELECT pg_catalog.lowrite(0, '\x308203423082023506072a8648ce3804013082022802820101008f7935d9b9aae9bfabed887acf4951b6f32ec59e3baf3718e8eac4961f3efd3606e74351a9c4183339b809e7c2ae1c539ba7475b85d011adb8b47987754984695cac0e8f14b3360828a22ffa27110a3d62a993453409a0fe696c4658f84bdd20819c3709a01057b195adcd00233dba5484b6291f9d648ef883448677979cec04b434a6ac2e75e9985de23db0292fc1118c9ffa9d8181e7338db792b730d7b9e349592f68099872153915ea3d6b8b4653c633458f803b32a4c2e0f27290256e4e3f8a3b0838a1c450e4e18c1a29a37ddf5ea143de4b66ff04903ed5cf1623e158d487c608e97f211cd81dca23cb6e380765f822e342be484c05763939601cd667021d00baf696a68578f7dfdee7fa67c977c785ef32b233bae580c0bcd5695d0282010016a65c58204850704e7502a39757040d34da3a3478c154d4e4a5c02d242ee04f96e61e4bd0904abdac8f37eeb1e09f3182d23c9043cb642f88004160edf9ca09b32076a79c32a627f2473e91879ba2c4e744bd2081544cb55b802c368d1fa83ed489e94e0fa0688e32428a5c78c478c68d0527b71c9a3abb0b0be12c44689639e7d3ce74db101a65aa2b87f64c6826db3ec72f4b5599834bb4edb02f7c90e9a496d3a55d535bebfc45d4f619f63f3dedbb873925c2f224e07731296da887ec1e4748f87efb5fdeb75484316b2232dee553ddaf02112b0d1f02da30973224fe27aeda8b9d4b2922d9ba8be39ed9e103a63c52810bc688b7e2ed4316e1ef17dbde038201050002820100591d3d7b54817d16e12a6e12edd00077031c9c2dbdc8cad0d01d50f219e21df8767ce3278bad84a612418657f046422396c75635face298018fc92a0072c11af6bacee1cf0d06a8d03068d3b322f3cfe0bb366e7c44cb24503486d71ee11b1418d9c4d8c53fbe4ec551bb0bd03f68208fa3a6b4807d27bffd5f857e0c87e9629f70ae54fefe25aa408aba3a62ffb86741e9d29db0d7769e399d0bd465d0c648bb0969b9589c0d4cfa613a16f64d551cf39b07df4ee23ad054ffe32e38d849264b3403dfd9337dd462a4dd0931fca920593ee39d451d3560516cb48a6c7ba6b6c69d8155feb8b3f644ffd6ee9e7b6612f3cf6847cea30f404e55953bb3560727f');
SELECT pg_catalog.lo_close(0);

SELECT pg_catalog.lo_open('49257', 131072);
SELECT pg_catalog.lowrite(0, '\x303d021d009ef84a0f582118af78e6dd0781e8adaa084cd3b01f70fb561d156b6f021c434204b1ba7bcae3ffc4c6f7a6e58b7e0d49e2400d54ee4ee9e8fcfe');
SELECT pg_catalog.lo_close(0);

SELECT pg_catalog.lo_open('49258', 131072);
SELECT pg_catalog.lowrite(0, '\x308203423082023506072a8648ce3804013082022802820101008f7935d9b9aae9bfabed887acf4951b6f32ec59e3baf3718e8eac4961f3efd3606e74351a9c4183339b809e7c2ae1c539ba7475b85d011adb8b47987754984695cac0e8f14b3360828a22ffa27110a3d62a993453409a0fe696c4658f84bdd20819c3709a01057b195adcd00233dba5484b6291f9d648ef883448677979cec04b434a6ac2e75e9985de23db0292fc1118c9ffa9d8181e7338db792b730d7b9e349592f68099872153915ea3d6b8b4653c633458f803b32a4c2e0f27290256e4e3f8a3b0838a1c450e4e18c1a29a37ddf5ea143de4b66ff04903ed5cf1623e158d487c608e97f211cd81dca23cb6e380765f822e342be484c05763939601cd667021d00baf696a68578f7dfdee7fa67c977c785ef32b233bae580c0bcd5695d0282010016a65c58204850704e7502a39757040d34da3a3478c154d4e4a5c02d242ee04f96e61e4bd0904abdac8f37eeb1e09f3182d23c9043cb642f88004160edf9ca09b32076a79c32a627f2473e91879ba2c4e744bd2081544cb55b802c368d1fa83ed489e94e0fa0688e32428a5c78c478c68d0527b71c9a3abb0b0be12c44689639e7d3ce74db101a65aa2b87f64c6826db3ec72f4b5599834bb4edb02f7c90e9a496d3a55d535bebfc45d4f619f63f3dedbb873925c2f224e07731296da887ec1e4748f87efb5fdeb75484316b2232dee553ddaf02112b0d1f02da30973224fe27aeda8b9d4b2922d9ba8be39ed9e103a63c52810bc688b7e2ed4316e1ef17dbde03820105000282010053ceee532c8a881224b40aba16c4a767258644cfecf721977000d804310a173959b02b5831b17858ab3252cdd789e2785472a34b50b26d26db812875289b9ee2abd5958cfa9b01c71afbda1b4adc94b456c2e28d6c4e29d59ab33f42c6c9ebcdd8b4c395230ac4c00110d0e5ba002d8ebb9405d954f012aa5f3ee1d75478410aa4373cbea13b7b0347e3abfaaf6887c388ebd06ea8eaed1651363507aedf7e35833a61971c534ac487b9f009fc9a7e9214948588f957465f1352e5d976999c1388f5fb5b5a570dc0243d32fca549d7f54bcefc01db66483222379d2c805765fbf7fd5491ab1a31cf27ed4669dd5da596a1acf287581e000996911419b3e01fdf');
SELECT pg_catalog.lo_close(0);

SELECT pg_catalog.lo_open('49261', 131072);
SELECT pg_catalog.lowrite(0, '\x308203423082023506072a8648ce3804013082022802820101008f7935d9b9aae9bfabed887acf4951b6f32ec59e3baf3718e8eac4961f3efd3606e74351a9c4183339b809e7c2ae1c539ba7475b85d011adb8b47987754984695cac0e8f14b3360828a22ffa27110a3d62a993453409a0fe696c4658f84bdd20819c3709a01057b195adcd00233dba5484b6291f9d648ef883448677979cec04b434a6ac2e75e9985de23db0292fc1118c9ffa9d8181e7338db792b730d7b9e349592f68099872153915ea3d6b8b4653c633458f803b32a4c2e0f27290256e4e3f8a3b0838a1c450e4e18c1a29a37ddf5ea143de4b66ff04903ed5cf1623e158d487c608e97f211cd81dca23cb6e380765f822e342be484c05763939601cd667021d00baf696a68578f7dfdee7fa67c977c785ef32b233bae580c0bcd5695d0282010016a65c58204850704e7502a39757040d34da3a3478c154d4e4a5c02d242ee04f96e61e4bd0904abdac8f37eeb1e09f3182d23c9043cb642f88004160edf9ca09b32076a79c32a627f2473e91879ba2c4e744bd2081544cb55b802c368d1fa83ed489e94e0fa0688e32428a5c78c478c68d0527b71c9a3abb0b0be12c44689639e7d3ce74db101a65aa2b87f64c6826db3ec72f4b5599834bb4edb02f7c90e9a496d3a55d535bebfc45d4f619f63f3dedbb873925c2f224e07731296da887ec1e4748f87efb5fdeb75484316b2232dee553ddaf02112b0d1f02da30973224fe27aeda8b9d4b2922d9ba8be39ed9e103a63c52810bc688b7e2ed4316e1ef17dbde0382010500028201001a20a634bc8d14a2422b67380d6f6afa69519803d7d5390720a8b66a790446a9b6404570137d664c314d6b9c2f3d93c26a5219fef4082d02af1bd50c3c47fb77c2d8fd837486149d8b6f48ff9ddefc95c1504e850501ee09c7262769377a244cbf596fb46d5b578101c433494594056e22ccaf9f007c9d6703b458760a24a6de8fc65fc007a0bd734554378fceb7aaae2966066f525ec112f39af0cd9181431f814888d47a10f9d57b2f6f6bafe6124c2cf164a7c89ca273bf6130aee60c93e98401d10b97a965e79353bdd3851adf1cbf8712f8caeb6e3acd5da273cfddb22ba95933fb20434e60aa88a193b19924778c196308eb436d69137fca5ba95bad31');
SELECT pg_catalog.lo_close(0);

SELECT pg_catalog.lo_open('49262', 131072);
SELECT pg_catalog.lowrite(0, '\x303d021c2611c39895e09d6f67c1ebb897de4ffaa050c9266a508d53a2cfed13021d00b8061a4ced84e9617b6e37f55a09c280214787044247359119be5996');
SELECT pg_catalog.lo_close(0);

SELECT pg_catalog.lo_open('49263', 131072);
SELECT pg_catalog.lowrite(0, '\x308203423082023506072a8648ce3804013082022802820101008f7935d9b9aae9bfabed887acf4951b6f32ec59e3baf3718e8eac4961f3efd3606e74351a9c4183339b809e7c2ae1c539ba7475b85d011adb8b47987754984695cac0e8f14b3360828a22ffa27110a3d62a993453409a0fe696c4658f84bdd20819c3709a01057b195adcd00233dba5484b6291f9d648ef883448677979cec04b434a6ac2e75e9985de23db0292fc1118c9ffa9d8181e7338db792b730d7b9e349592f68099872153915ea3d6b8b4653c633458f803b32a4c2e0f27290256e4e3f8a3b0838a1c450e4e18c1a29a37ddf5ea143de4b66ff04903ed5cf1623e158d487c608e97f211cd81dca23cb6e380765f822e342be484c05763939601cd667021d00baf696a68578f7dfdee7fa67c977c785ef32b233bae580c0bcd5695d0282010016a65c58204850704e7502a39757040d34da3a3478c154d4e4a5c02d242ee04f96e61e4bd0904abdac8f37eeb1e09f3182d23c9043cb642f88004160edf9ca09b32076a79c32a627f2473e91879ba2c4e744bd2081544cb55b802c368d1fa83ed489e94e0fa0688e32428a5c78c478c68d0527b71c9a3abb0b0be12c44689639e7d3ce74db101a65aa2b87f64c6826db3ec72f4b5599834bb4edb02f7c90e9a496d3a55d535bebfc45d4f619f63f3dedbb873925c2f224e07731296da887ec1e4748f87efb5fdeb75484316b2232dee553ddaf02112b0d1f02da30973224fe27aeda8b9d4b2922d9ba8be39ed9e103a63c52810bc688b7e2ed4316e1ef17dbde038201050002820100788b3ea6459419381415b23dd17c81893bee61f7a735c9748d7eb8d9d8bdd78d1a4904e12e09a7696fca65887b95dde17842c68b5f2844558940195b53ce3ff76bb7a8b295e28405000ebd4adef9918b0085ed10c4cdc455b93e921456d4f76871bcc40b85034e0d6cd75f5681ef676af94b6bb7a3510cc8e78deadcea7655a6632822aba62698c6e2c5a56ba5ba7bf70ad52ceb40d7b8315a3a0179c2c204ee1fe64c1a6f6eaef24668bed254bd94a7aaede68fd4b4cb36e70d61f6bb336d3c41ae5d6fd646372e25f154e77be399f2fab74858f5c518a714bce29abeae9017fa1f02672ab657efa333946dfefe9669d2abca149714d475ce3b8f95aaf6e604');
SELECT pg_catalog.lo_close(0);

SELECT pg_catalog.lo_open('49266', 131072);
SELECT pg_catalog.lowrite(0, '\x308203433082023506072a8648ce3804013082022802820101008f7935d9b9aae9bfabed887acf4951b6f32ec59e3baf3718e8eac4961f3efd3606e74351a9c4183339b809e7c2ae1c539ba7475b85d011adb8b47987754984695cac0e8f14b3360828a22ffa27110a3d62a993453409a0fe696c4658f84bdd20819c3709a01057b195adcd00233dba5484b6291f9d648ef883448677979cec04b434a6ac2e75e9985de23db0292fc1118c9ffa9d8181e7338db792b730d7b9e349592f68099872153915ea3d6b8b4653c633458f803b32a4c2e0f27290256e4e3f8a3b0838a1c450e4e18c1a29a37ddf5ea143de4b66ff04903ed5cf1623e158d487c608e97f211cd81dca23cb6e380765f822e342be484c05763939601cd667021d00baf696a68578f7dfdee7fa67c977c785ef32b233bae580c0bcd5695d0282010016a65c58204850704e7502a39757040d34da3a3478c154d4e4a5c02d242ee04f96e61e4bd0904abdac8f37eeb1e09f3182d23c9043cb642f88004160edf9ca09b32076a79c32a627f2473e91879ba2c4e744bd2081544cb55b802c368d1fa83ed489e94e0fa0688e32428a5c78c478c68d0527b71c9a3abb0b0be12c44689639e7d3ce74db101a65aa2b87f64c6826db3ec72f4b5599834bb4edb02f7c90e9a496d3a55d535bebfc45d4f619f63f3dedbb873925c2f224e07731296da887ec1e4748f87efb5fdeb75484316b2232dee553ddaf02112b0d1f02da30973224fe27aeda8b9d4b2922d9ba8be39ed9e103a63c52810bc688b7e2ed4316e1ef17dbde0382010600028201010082344a778f3df3b1e4afc10ed51c0be807156b3364b0c92b3bec4e3c2e0d950bcd003c36c24d20bf1562fa4c83b97a8ea6bc838a4b8626a3f49c004397b264adc6e7c7dc04c3bc0f9ce073d335cb41681697fc9c4d2a7b5d8fab2b0efbfaaf736401acaf5e1863546acea415bf1548450ec3ae1b9226cc782fc97f680f847f7da53516aadaf141738e2f0220a436c36616526c7067327e5107278fef2062e3d54c6a25d3d5af661d72bee62fbcf9e2fd64a5cbaf6fd936b0cb9354417b012ae795b9200aab3ab5b995fe8b2a8f272041a94321c52457d2333e9eb480e961be7a19746ad803ddbfd1ee4f66b2dc270758e1f328400705de240f8eda1a3f6ff695');
SELECT pg_catalog.lo_close(0);

SELECT pg_catalog.lo_open('49267', 131072);
SELECT pg_catalog.lowrite(0, '\x303e021d00adc0c10e05d6dd9567fd09af159bb2546d1516e7fd84d6bcd043b517021d008f4f53f2e6a4a840ad23f78c2d1c3874158d7b106b95938a1ac59932');
SELECT pg_catalog.lo_close(0);

SELECT pg_catalog.lo_open('49268', 131072);
SELECT pg_catalog.lowrite(0, '\x308203423082023506072a8648ce3804013082022802820101008f7935d9b9aae9bfabed887acf4951b6f32ec59e3baf3718e8eac4961f3efd3606e74351a9c4183339b809e7c2ae1c539ba7475b85d011adb8b47987754984695cac0e8f14b3360828a22ffa27110a3d62a993453409a0fe696c4658f84bdd20819c3709a01057b195adcd00233dba5484b6291f9d648ef883448677979cec04b434a6ac2e75e9985de23db0292fc1118c9ffa9d8181e7338db792b730d7b9e349592f68099872153915ea3d6b8b4653c633458f803b32a4c2e0f27290256e4e3f8a3b0838a1c450e4e18c1a29a37ddf5ea143de4b66ff04903ed5cf1623e158d487c608e97f211cd81dca23cb6e380765f822e342be484c05763939601cd667021d00baf696a68578f7dfdee7fa67c977c785ef32b233bae580c0bcd5695d0282010016a65c58204850704e7502a39757040d34da3a3478c154d4e4a5c02d242ee04f96e61e4bd0904abdac8f37eeb1e09f3182d23c9043cb642f88004160edf9ca09b32076a79c32a627f2473e91879ba2c4e744bd2081544cb55b802c368d1fa83ed489e94e0fa0688e32428a5c78c478c68d0527b71c9a3abb0b0be12c44689639e7d3ce74db101a65aa2b87f64c6826db3ec72f4b5599834bb4edb02f7c90e9a496d3a55d535bebfc45d4f619f63f3dedbb873925c2f224e07731296da887ec1e4748f87efb5fdeb75484316b2232dee553ddaf02112b0d1f02da30973224fe27aeda8b9d4b2922d9ba8be39ed9e103a63c52810bc688b7e2ed4316e1ef17dbde038201050002820100788b3ea6459419381415b23dd17c81893bee61f7a735c9748d7eb8d9d8bdd78d1a4904e12e09a7696fca65887b95dde17842c68b5f2844558940195b53ce3ff76bb7a8b295e28405000ebd4adef9918b0085ed10c4cdc455b93e921456d4f76871bcc40b85034e0d6cd75f5681ef676af94b6bb7a3510cc8e78deadcea7655a6632822aba62698c6e2c5a56ba5ba7bf70ad52ceb40d7b8315a3a0179c2c204ee1fe64c1a6f6eaef24668bed254bd94a7aaede68fd4b4cb36e70d61f6bb336d3c41ae5d6fd646372e25f154e77be399f2fab74858f5c518a714bce29abeae9017fa1f02672ab657efa333946dfefe9669d2abca149714d475ce3b8f95aaf6e604');
SELECT pg_catalog.lo_close(0);

SELECT pg_catalog.lo_open('49271', 131072);
SELECT pg_catalog.lowrite(0, '\x308203423082023506072a8648ce3804013082022802820101008f7935d9b9aae9bfabed887acf4951b6f32ec59e3baf3718e8eac4961f3efd3606e74351a9c4183339b809e7c2ae1c539ba7475b85d011adb8b47987754984695cac0e8f14b3360828a22ffa27110a3d62a993453409a0fe696c4658f84bdd20819c3709a01057b195adcd00233dba5484b6291f9d648ef883448677979cec04b434a6ac2e75e9985de23db0292fc1118c9ffa9d8181e7338db792b730d7b9e349592f68099872153915ea3d6b8b4653c633458f803b32a4c2e0f27290256e4e3f8a3b0838a1c450e4e18c1a29a37ddf5ea143de4b66ff04903ed5cf1623e158d487c608e97f211cd81dca23cb6e380765f822e342be484c05763939601cd667021d00baf696a68578f7dfdee7fa67c977c785ef32b233bae580c0bcd5695d0282010016a65c58204850704e7502a39757040d34da3a3478c154d4e4a5c02d242ee04f96e61e4bd0904abdac8f37eeb1e09f3182d23c9043cb642f88004160edf9ca09b32076a79c32a627f2473e91879ba2c4e744bd2081544cb55b802c368d1fa83ed489e94e0fa0688e32428a5c78c478c68d0527b71c9a3abb0b0be12c44689639e7d3ce74db101a65aa2b87f64c6826db3ec72f4b5599834bb4edb02f7c90e9a496d3a55d535bebfc45d4f619f63f3dedbb873925c2f224e07731296da887ec1e4748f87efb5fdeb75484316b2232dee553ddaf02112b0d1f02da30973224fe27aeda8b9d4b2922d9ba8be39ed9e103a63c52810bc688b7e2ed4316e1ef17dbde0382010500028201003e1047119ebbde356eb44629674551b789dafdd463ea4042c2f92bcb65fe14707ac0ec17e7646476cafebe13a0efb6e4a32fff184c056624e941161ddd1b7ac2ab0a92426ee0174449495a80f1e113e43b0ed205dd9fc75e73e01d599487e084e78ab37b74b5fea6087930872e1e6eada2419291101d6320dca8773183dab6cbe8951a548803b99248e5a21f27f79c439d297e03603450c6bf6886cd071883979fcb648307285bc78f79167643e1007ab8b9567563f7c185dfb46925801575e1932bc3e29ed31da96318f2f924e9d66af3facea3229d5d46d9333a333d19fb4f7fea1000331139ba428f753ddea42f124a108124b243e5e398b5cfa8ee904d2f');
SELECT pg_catalog.lo_close(0);

SELECT pg_catalog.lo_open('49272', 131072);
SELECT pg_catalog.lowrite(0, '\x303c021c7fc7ae1b7e692834898747c80d4c21e9cae40f6fb06be2e05e7c41f0021c2832ffbc3bdf35cbe5d6356b00e3914366f94b215739ab3316692c4a');
SELECT pg_catalog.lo_close(0);

SELECT pg_catalog.lo_open('49273', 131072);
SELECT pg_catalog.lowrite(0, '\x308203423082023506072a8648ce3804013082022802820101008f7935d9b9aae9bfabed887acf4951b6f32ec59e3baf3718e8eac4961f3efd3606e74351a9c4183339b809e7c2ae1c539ba7475b85d011adb8b47987754984695cac0e8f14b3360828a22ffa27110a3d62a993453409a0fe696c4658f84bdd20819c3709a01057b195adcd00233dba5484b6291f9d648ef883448677979cec04b434a6ac2e75e9985de23db0292fc1118c9ffa9d8181e7338db792b730d7b9e349592f68099872153915ea3d6b8b4653c633458f803b32a4c2e0f27290256e4e3f8a3b0838a1c450e4e18c1a29a37ddf5ea143de4b66ff04903ed5cf1623e158d487c608e97f211cd81dca23cb6e380765f822e342be484c05763939601cd667021d00baf696a68578f7dfdee7fa67c977c785ef32b233bae580c0bcd5695d0282010016a65c58204850704e7502a39757040d34da3a3478c154d4e4a5c02d242ee04f96e61e4bd0904abdac8f37eeb1e09f3182d23c9043cb642f88004160edf9ca09b32076a79c32a627f2473e91879ba2c4e744bd2081544cb55b802c368d1fa83ed489e94e0fa0688e32428a5c78c478c68d0527b71c9a3abb0b0be12c44689639e7d3ce74db101a65aa2b87f64c6826db3ec72f4b5599834bb4edb02f7c90e9a496d3a55d535bebfc45d4f619f63f3dedbb873925c2f224e07731296da887ec1e4748f87efb5fdeb75484316b2232dee553ddaf02112b0d1f02da30973224fe27aeda8b9d4b2922d9ba8be39ed9e103a63c52810bc688b7e2ed4316e1ef17dbde0382010500028201001e8926f05b0ed38f1f9209423bcd0f566ce5e48e543eedd3519c112f23ce5ab650df3b0aa578152b90d025ffd48e14033080352af5cab541753655ef882ec23b19f21294fae30236d9e58147f399ce31d23bea636cf64a3c3a529e19fe82da178f307ee410d08dd84d152642b2a7dc9b9e1b886bdf4420cf04adac7c547cdbb1779bc16de2a4197282f419309794f6ab7ee7fda7a74d58af47d5469bfab0674fda793f28e5dc888cd04e3ca785073c029fe7d209e57020b171257f0ec577d11730cf4e08b2eca709804ec70389b37dd292fcb548d06f8a3ba0bdec432731efc7506aea2d4c6f9563a3eaa1bc5f8c3610ae8d9e133ad1569b1b80ce7ce496b54b');
SELECT pg_catalog.lo_close(0);

SELECT pg_catalog.lo_open('49276', 131072);
SELECT pg_catalog.lowrite(0, '\x308203423082023506072a8648ce3804013082022802820101008f7935d9b9aae9bfabed887acf4951b6f32ec59e3baf3718e8eac4961f3efd3606e74351a9c4183339b809e7c2ae1c539ba7475b85d011adb8b47987754984695cac0e8f14b3360828a22ffa27110a3d62a993453409a0fe696c4658f84bdd20819c3709a01057b195adcd00233dba5484b6291f9d648ef883448677979cec04b434a6ac2e75e9985de23db0292fc1118c9ffa9d8181e7338db792b730d7b9e349592f68099872153915ea3d6b8b4653c633458f803b32a4c2e0f27290256e4e3f8a3b0838a1c450e4e18c1a29a37ddf5ea143de4b66ff04903ed5cf1623e158d487c608e97f211cd81dca23cb6e380765f822e342be484c05763939601cd667021d00baf696a68578f7dfdee7fa67c977c785ef32b233bae580c0bcd5695d0282010016a65c58204850704e7502a39757040d34da3a3478c154d4e4a5c02d242ee04f96e61e4bd0904abdac8f37eeb1e09f3182d23c9043cb642f88004160edf9ca09b32076a79c32a627f2473e91879ba2c4e744bd2081544cb55b802c368d1fa83ed489e94e0fa0688e32428a5c78c478c68d0527b71c9a3abb0b0be12c44689639e7d3ce74db101a65aa2b87f64c6826db3ec72f4b5599834bb4edb02f7c90e9a496d3a55d535bebfc45d4f619f63f3dedbb873925c2f224e07731296da887ec1e4748f87efb5fdeb75484316b2232dee553ddaf02112b0d1f02da30973224fe27aeda8b9d4b2922d9ba8be39ed9e103a63c52810bc688b7e2ed4316e1ef17dbde0382010500028201001e8926f05b0ed38f1f9209423bcd0f566ce5e48e543eedd3519c112f23ce5ab650df3b0aa578152b90d025ffd48e14033080352af5cab541753655ef882ec23b19f21294fae30236d9e58147f399ce31d23bea636cf64a3c3a529e19fe82da178f307ee410d08dd84d152642b2a7dc9b9e1b886bdf4420cf04adac7c547cdbb1779bc16de2a4197282f419309794f6ab7ee7fda7a74d58af47d5469bfab0674fda793f28e5dc888cd04e3ca785073c029fe7d209e57020b171257f0ec577d11730cf4e08b2eca709804ec70389b37dd292fcb548d06f8a3ba0bdec432731efc7506aea2d4c6f9563a3eaa1bc5f8c3610ae8d9e133ad1569b1b80ce7ce496b54b');
SELECT pg_catalog.lo_close(0);

SELECT pg_catalog.lo_open('49277', 131072);
SELECT pg_catalog.lowrite(0, '\x303e021d008be14da9a007adb60de157b84d7cf457c41b1ae48f1f8c289505d98c021d009c7f4a2a2bcec7cf98786df1270cd5b30ee3eafab4616cc8073cea24');
SELECT pg_catalog.lo_close(0);

SELECT pg_catalog.lo_open('49278', 131072);
SELECT pg_catalog.lowrite(0, '\x308203423082023506072a8648ce3804013082022802820101008f7935d9b9aae9bfabed887acf4951b6f32ec59e3baf3718e8eac4961f3efd3606e74351a9c4183339b809e7c2ae1c539ba7475b85d011adb8b47987754984695cac0e8f14b3360828a22ffa27110a3d62a993453409a0fe696c4658f84bdd20819c3709a01057b195adcd00233dba5484b6291f9d648ef883448677979cec04b434a6ac2e75e9985de23db0292fc1118c9ffa9d8181e7338db792b730d7b9e349592f68099872153915ea3d6b8b4653c633458f803b32a4c2e0f27290256e4e3f8a3b0838a1c450e4e18c1a29a37ddf5ea143de4b66ff04903ed5cf1623e158d487c608e97f211cd81dca23cb6e380765f822e342be484c05763939601cd667021d00baf696a68578f7dfdee7fa67c977c785ef32b233bae580c0bcd5695d0282010016a65c58204850704e7502a39757040d34da3a3478c154d4e4a5c02d242ee04f96e61e4bd0904abdac8f37eeb1e09f3182d23c9043cb642f88004160edf9ca09b32076a79c32a627f2473e91879ba2c4e744bd2081544cb55b802c368d1fa83ed489e94e0fa0688e32428a5c78c478c68d0527b71c9a3abb0b0be12c44689639e7d3ce74db101a65aa2b87f64c6826db3ec72f4b5599834bb4edb02f7c90e9a496d3a55d535bebfc45d4f619f63f3dedbb873925c2f224e07731296da887ec1e4748f87efb5fdeb75484316b2232dee553ddaf02112b0d1f02da30973224fe27aeda8b9d4b2922d9ba8be39ed9e103a63c52810bc688b7e2ed4316e1ef17dbde0382010500028201003e1047119ebbde356eb44629674551b789dafdd463ea4042c2f92bcb65fe14707ac0ec17e7646476cafebe13a0efb6e4a32fff184c056624e941161ddd1b7ac2ab0a92426ee0174449495a80f1e113e43b0ed205dd9fc75e73e01d599487e084e78ab37b74b5fea6087930872e1e6eada2419291101d6320dca8773183dab6cbe8951a548803b99248e5a21f27f79c439d297e03603450c6bf6886cd071883979fcb648307285bc78f79167643e1007ab8b9567563f7c185dfb46925801575e1932bc3e29ed31da96318f2f924e9d66af3facea3229d5d46d9333a333d19fb4f7fea1000331139ba428f753ddea42f124a108124b243e5e398b5cfa8ee904d2f');
SELECT pg_catalog.lo_close(0);

SELECT pg_catalog.lo_open('49281', 131072);
SELECT pg_catalog.lowrite(0, '\x308203423082023506072a8648ce3804013082022802820101008f7935d9b9aae9bfabed887acf4951b6f32ec59e3baf3718e8eac4961f3efd3606e74351a9c4183339b809e7c2ae1c539ba7475b85d011adb8b47987754984695cac0e8f14b3360828a22ffa27110a3d62a993453409a0fe696c4658f84bdd20819c3709a01057b195adcd00233dba5484b6291f9d648ef883448677979cec04b434a6ac2e75e9985de23db0292fc1118c9ffa9d8181e7338db792b730d7b9e349592f68099872153915ea3d6b8b4653c633458f803b32a4c2e0f27290256e4e3f8a3b0838a1c450e4e18c1a29a37ddf5ea143de4b66ff04903ed5cf1623e158d487c608e97f211cd81dca23cb6e380765f822e342be484c05763939601cd667021d00baf696a68578f7dfdee7fa67c977c785ef32b233bae580c0bcd5695d0282010016a65c58204850704e7502a39757040d34da3a3478c154d4e4a5c02d242ee04f96e61e4bd0904abdac8f37eeb1e09f3182d23c9043cb642f88004160edf9ca09b32076a79c32a627f2473e91879ba2c4e744bd2081544cb55b802c368d1fa83ed489e94e0fa0688e32428a5c78c478c68d0527b71c9a3abb0b0be12c44689639e7d3ce74db101a65aa2b87f64c6826db3ec72f4b5599834bb4edb02f7c90e9a496d3a55d535bebfc45d4f619f63f3dedbb873925c2f224e07731296da887ec1e4748f87efb5fdeb75484316b2232dee553ddaf02112b0d1f02da30973224fe27aeda8b9d4b2922d9ba8be39ed9e103a63c52810bc688b7e2ed4316e1ef17dbde038201050002820100017167df2f33853606fef50d319a4a14132547283118a177e9ec9d51b9320725e9108bcf9ddcea95a51f6f9934879e74892768397333e471453ad2e1723a9f6a24bb563ac25553021c96dfa50aa2669adc85865a7415694ba6e3fe96895f562573cd4df699656a71f5a2e6e91a48f28c6a4b752bd3b3846d7ad5d72053d5bb138c2d76317e9b2102bf26a5937a06b3183842bac02c480d5f593491b15c5634f49356617c563d7a32ff8335b3ae9a55ecac43f35a4f8e360cba1d6816b59980141e5d7447bec9d46ba4a0aa7857045921488fd110823819bfb3f7375cdbaf6f5aa7807001db4de3ab1e1250daefbddb53559101eb57ad5ea66234fd031bdd0774');
SELECT pg_catalog.lo_close(0);

SELECT pg_catalog.lo_open('49282', 131072);
SELECT pg_catalog.lowrite(0, '\x303d021c1d6f574a806ff092ea5a5c49fa75e6cd02f7925b07ec55584dbbd07b021d008705443e81590a3ba55c4a55c4feb042492abe1bb9e1f6ebec83ddbe');
SELECT pg_catalog.lo_close(0);

SELECT pg_catalog.lo_open('49283', 131072);
SELECT pg_catalog.lowrite(0, '\x308203423082023506072a8648ce3804013082022802820101008f7935d9b9aae9bfabed887acf4951b6f32ec59e3baf3718e8eac4961f3efd3606e74351a9c4183339b809e7c2ae1c539ba7475b85d011adb8b47987754984695cac0e8f14b3360828a22ffa27110a3d62a993453409a0fe696c4658f84bdd20819c3709a01057b195adcd00233dba5484b6291f9d648ef883448677979cec04b434a6ac2e75e9985de23db0292fc1118c9ffa9d8181e7338db792b730d7b9e349592f68099872153915ea3d6b8b4653c633458f803b32a4c2e0f27290256e4e3f8a3b0838a1c450e4e18c1a29a37ddf5ea143de4b66ff04903ed5cf1623e158d487c608e97f211cd81dca23cb6e380765f822e342be484c05763939601cd667021d00baf696a68578f7dfdee7fa67c977c785ef32b233bae580c0bcd5695d0282010016a65c58204850704e7502a39757040d34da3a3478c154d4e4a5c02d242ee04f96e61e4bd0904abdac8f37eeb1e09f3182d23c9043cb642f88004160edf9ca09b32076a79c32a627f2473e91879ba2c4e744bd2081544cb55b802c368d1fa83ed489e94e0fa0688e32428a5c78c478c68d0527b71c9a3abb0b0be12c44689639e7d3ce74db101a65aa2b87f64c6826db3ec72f4b5599834bb4edb02f7c90e9a496d3a55d535bebfc45d4f619f63f3dedbb873925c2f224e07731296da887ec1e4748f87efb5fdeb75484316b2232dee553ddaf02112b0d1f02da30973224fe27aeda8b9d4b2922d9ba8be39ed9e103a63c52810bc688b7e2ed4316e1ef17dbde038201050002820100788b3ea6459419381415b23dd17c81893bee61f7a735c9748d7eb8d9d8bdd78d1a4904e12e09a7696fca65887b95dde17842c68b5f2844558940195b53ce3ff76bb7a8b295e28405000ebd4adef9918b0085ed10c4cdc455b93e921456d4f76871bcc40b85034e0d6cd75f5681ef676af94b6bb7a3510cc8e78deadcea7655a6632822aba62698c6e2c5a56ba5ba7bf70ad52ceb40d7b8315a3a0179c2c204ee1fe64c1a6f6eaef24668bed254bd94a7aaede68fd4b4cb36e70d61f6bb336d3c41ae5d6fd646372e25f154e77be399f2fab74858f5c518a714bce29abeae9017fa1f02672ab657efa333946dfefe9669d2abca149714d475ce3b8f95aaf6e604');
SELECT pg_catalog.lo_close(0);

SELECT pg_catalog.lo_open('49286', 131072);
SELECT pg_catalog.lowrite(0, '\x308203423082023506072a8648ce3804013082022802820101008f7935d9b9aae9bfabed887acf4951b6f32ec59e3baf3718e8eac4961f3efd3606e74351a9c4183339b809e7c2ae1c539ba7475b85d011adb8b47987754984695cac0e8f14b3360828a22ffa27110a3d62a993453409a0fe696c4658f84bdd20819c3709a01057b195adcd00233dba5484b6291f9d648ef883448677979cec04b434a6ac2e75e9985de23db0292fc1118c9ffa9d8181e7338db792b730d7b9e349592f68099872153915ea3d6b8b4653c633458f803b32a4c2e0f27290256e4e3f8a3b0838a1c450e4e18c1a29a37ddf5ea143de4b66ff04903ed5cf1623e158d487c608e97f211cd81dca23cb6e380765f822e342be484c05763939601cd667021d00baf696a68578f7dfdee7fa67c977c785ef32b233bae580c0bcd5695d0282010016a65c58204850704e7502a39757040d34da3a3478c154d4e4a5c02d242ee04f96e61e4bd0904abdac8f37eeb1e09f3182d23c9043cb642f88004160edf9ca09b32076a79c32a627f2473e91879ba2c4e744bd2081544cb55b802c368d1fa83ed489e94e0fa0688e32428a5c78c478c68d0527b71c9a3abb0b0be12c44689639e7d3ce74db101a65aa2b87f64c6826db3ec72f4b5599834bb4edb02f7c90e9a496d3a55d535bebfc45d4f619f63f3dedbb873925c2f224e07731296da887ec1e4748f87efb5fdeb75484316b2232dee553ddaf02112b0d1f02da30973224fe27aeda8b9d4b2922d9ba8be39ed9e103a63c52810bc688b7e2ed4316e1ef17dbde0382010500028201001e8926f05b0ed38f1f9209423bcd0f566ce5e48e543eedd3519c112f23ce5ab650df3b0aa578152b90d025ffd48e14033080352af5cab541753655ef882ec23b19f21294fae30236d9e58147f399ce31d23bea636cf64a3c3a529e19fe82da178f307ee410d08dd84d152642b2a7dc9b9e1b886bdf4420cf04adac7c547cdbb1779bc16de2a4197282f419309794f6ab7ee7fda7a74d58af47d5469bfab0674fda793f28e5dc888cd04e3ca785073c029fe7d209e57020b171257f0ec577d11730cf4e08b2eca709804ec70389b37dd292fcb548d06f8a3ba0bdec432731efc7506aea2d4c6f9563a3eaa1bc5f8c3610ae8d9e133ad1569b1b80ce7ce496b54b');
SELECT pg_catalog.lo_close(0);

SELECT pg_catalog.lo_open('49287', 131072);
SELECT pg_catalog.lowrite(0, '\x303c021c384d00b33ff46fe9c9384e631f9be923aa04f4cee2c27e716331d9cd021c5870b50ea976f2b8a7e158d03e3d89616c90c2c2a9d33d4ef9d4cd2f');
SELECT pg_catalog.lo_close(0);

SELECT pg_catalog.lo_open('49288', 131072);
SELECT pg_catalog.lowrite(0, '\x308203423082023506072a8648ce3804013082022802820101008f7935d9b9aae9bfabed887acf4951b6f32ec59e3baf3718e8eac4961f3efd3606e74351a9c4183339b809e7c2ae1c539ba7475b85d011adb8b47987754984695cac0e8f14b3360828a22ffa27110a3d62a993453409a0fe696c4658f84bdd20819c3709a01057b195adcd00233dba5484b6291f9d648ef883448677979cec04b434a6ac2e75e9985de23db0292fc1118c9ffa9d8181e7338db792b730d7b9e349592f68099872153915ea3d6b8b4653c633458f803b32a4c2e0f27290256e4e3f8a3b0838a1c450e4e18c1a29a37ddf5ea143de4b66ff04903ed5cf1623e158d487c608e97f211cd81dca23cb6e380765f822e342be484c05763939601cd667021d00baf696a68578f7dfdee7fa67c977c785ef32b233bae580c0bcd5695d0282010016a65c58204850704e7502a39757040d34da3a3478c154d4e4a5c02d242ee04f96e61e4bd0904abdac8f37eeb1e09f3182d23c9043cb642f88004160edf9ca09b32076a79c32a627f2473e91879ba2c4e744bd2081544cb55b802c368d1fa83ed489e94e0fa0688e32428a5c78c478c68d0527b71c9a3abb0b0be12c44689639e7d3ce74db101a65aa2b87f64c6826db3ec72f4b5599834bb4edb02f7c90e9a496d3a55d535bebfc45d4f619f63f3dedbb873925c2f224e07731296da887ec1e4748f87efb5fdeb75484316b2232dee553ddaf02112b0d1f02da30973224fe27aeda8b9d4b2922d9ba8be39ed9e103a63c52810bc688b7e2ed4316e1ef17dbde03820105000282010053ceee532c8a881224b40aba16c4a767258644cfecf721977000d804310a173959b02b5831b17858ab3252cdd789e2785472a34b50b26d26db812875289b9ee2abd5958cfa9b01c71afbda1b4adc94b456c2e28d6c4e29d59ab33f42c6c9ebcdd8b4c395230ac4c00110d0e5ba002d8ebb9405d954f012aa5f3ee1d75478410aa4373cbea13b7b0347e3abfaaf6887c388ebd06ea8eaed1651363507aedf7e35833a61971c534ac487b9f009fc9a7e9214948588f957465f1352e5d976999c1388f5fb5b5a570dc0243d32fca549d7f54bcefc01db66483222379d2c805765fbf7fd5491ab1a31cf27ed4669dd5da596a1acf287581e000996911419b3e01fdf');
SELECT pg_catalog.lo_close(0);

SELECT pg_catalog.lo_open('49291', 131072);
SELECT pg_catalog.lowrite(0, '\x308203423082023506072a8648ce3804013082022802820101008f7935d9b9aae9bfabed887acf4951b6f32ec59e3baf3718e8eac4961f3efd3606e74351a9c4183339b809e7c2ae1c539ba7475b85d011adb8b47987754984695cac0e8f14b3360828a22ffa27110a3d62a993453409a0fe696c4658f84bdd20819c3709a01057b195adcd00233dba5484b6291f9d648ef883448677979cec04b434a6ac2e75e9985de23db0292fc1118c9ffa9d8181e7338db792b730d7b9e349592f68099872153915ea3d6b8b4653c633458f803b32a4c2e0f27290256e4e3f8a3b0838a1c450e4e18c1a29a37ddf5ea143de4b66ff04903ed5cf1623e158d487c608e97f211cd81dca23cb6e380765f822e342be484c05763939601cd667021d00baf696a68578f7dfdee7fa67c977c785ef32b233bae580c0bcd5695d0282010016a65c58204850704e7502a39757040d34da3a3478c154d4e4a5c02d242ee04f96e61e4bd0904abdac8f37eeb1e09f3182d23c9043cb642f88004160edf9ca09b32076a79c32a627f2473e91879ba2c4e744bd2081544cb55b802c368d1fa83ed489e94e0fa0688e32428a5c78c478c68d0527b71c9a3abb0b0be12c44689639e7d3ce74db101a65aa2b87f64c6826db3ec72f4b5599834bb4edb02f7c90e9a496d3a55d535bebfc45d4f619f63f3dedbb873925c2f224e07731296da887ec1e4748f87efb5fdeb75484316b2232dee553ddaf02112b0d1f02da30973224fe27aeda8b9d4b2922d9ba8be39ed9e103a63c52810bc688b7e2ed4316e1ef17dbde0382010500028201001a20a634bc8d14a2422b67380d6f6afa69519803d7d5390720a8b66a790446a9b6404570137d664c314d6b9c2f3d93c26a5219fef4082d02af1bd50c3c47fb77c2d8fd837486149d8b6f48ff9ddefc95c1504e850501ee09c7262769377a244cbf596fb46d5b578101c433494594056e22ccaf9f007c9d6703b458760a24a6de8fc65fc007a0bd734554378fceb7aaae2966066f525ec112f39af0cd9181431f814888d47a10f9d57b2f6f6bafe6124c2cf164a7c89ca273bf6130aee60c93e98401d10b97a965e79353bdd3851adf1cbf8712f8caeb6e3acd5da273cfddb22ba95933fb20434e60aa88a193b19924778c196308eb436d69137fca5ba95bad31');
SELECT pg_catalog.lo_close(0);

SELECT pg_catalog.lo_open('49292', 131072);
SELECT pg_catalog.lowrite(0, '\x303d021c01f19e5fd55cbd96b06d6042f882a168714c95eeea7a1381397d1791021d00af19f9a0c08b59e74096d6f80a0cea8aa4912b6771f869e567141396');
SELECT pg_catalog.lo_close(0);

SELECT pg_catalog.lo_open('49293', 131072);
SELECT pg_catalog.lowrite(0, '\x308203423082023506072a8648ce3804013082022802820101008f7935d9b9aae9bfabed887acf4951b6f32ec59e3baf3718e8eac4961f3efd3606e74351a9c4183339b809e7c2ae1c539ba7475b85d011adb8b47987754984695cac0e8f14b3360828a22ffa27110a3d62a993453409a0fe696c4658f84bdd20819c3709a01057b195adcd00233dba5484b6291f9d648ef883448677979cec04b434a6ac2e75e9985de23db0292fc1118c9ffa9d8181e7338db792b730d7b9e349592f68099872153915ea3d6b8b4653c633458f803b32a4c2e0f27290256e4e3f8a3b0838a1c450e4e18c1a29a37ddf5ea143de4b66ff04903ed5cf1623e158d487c608e97f211cd81dca23cb6e380765f822e342be484c05763939601cd667021d00baf696a68578f7dfdee7fa67c977c785ef32b233bae580c0bcd5695d0282010016a65c58204850704e7502a39757040d34da3a3478c154d4e4a5c02d242ee04f96e61e4bd0904abdac8f37eeb1e09f3182d23c9043cb642f88004160edf9ca09b32076a79c32a627f2473e91879ba2c4e744bd2081544cb55b802c368d1fa83ed489e94e0fa0688e32428a5c78c478c68d0527b71c9a3abb0b0be12c44689639e7d3ce74db101a65aa2b87f64c6826db3ec72f4b5599834bb4edb02f7c90e9a496d3a55d535bebfc45d4f619f63f3dedbb873925c2f224e07731296da887ec1e4748f87efb5fdeb75484316b2232dee553ddaf02112b0d1f02da30973224fe27aeda8b9d4b2922d9ba8be39ed9e103a63c52810bc688b7e2ed4316e1ef17dbde038201050002820100788b3ea6459419381415b23dd17c81893bee61f7a735c9748d7eb8d9d8bdd78d1a4904e12e09a7696fca65887b95dde17842c68b5f2844558940195b53ce3ff76bb7a8b295e28405000ebd4adef9918b0085ed10c4cdc455b93e921456d4f76871bcc40b85034e0d6cd75f5681ef676af94b6bb7a3510cc8e78deadcea7655a6632822aba62698c6e2c5a56ba5ba7bf70ad52ceb40d7b8315a3a0179c2c204ee1fe64c1a6f6eaef24668bed254bd94a7aaede68fd4b4cb36e70d61f6bb336d3c41ae5d6fd646372e25f154e77be399f2fab74858f5c518a714bce29abeae9017fa1f02672ab657efa333946dfefe9669d2abca149714d475ce3b8f95aaf6e604');
SELECT pg_catalog.lo_close(0);

SELECT pg_catalog.lo_open('49296', 131072);
SELECT pg_catalog.lowrite(0, '\x308203423082023506072a8648ce3804013082022802820101008f7935d9b9aae9bfabed887acf4951b6f32ec59e3baf3718e8eac4961f3efd3606e74351a9c4183339b809e7c2ae1c539ba7475b85d011adb8b47987754984695cac0e8f14b3360828a22ffa27110a3d62a993453409a0fe696c4658f84bdd20819c3709a01057b195adcd00233dba5484b6291f9d648ef883448677979cec04b434a6ac2e75e9985de23db0292fc1118c9ffa9d8181e7338db792b730d7b9e349592f68099872153915ea3d6b8b4653c633458f803b32a4c2e0f27290256e4e3f8a3b0838a1c450e4e18c1a29a37ddf5ea143de4b66ff04903ed5cf1623e158d487c608e97f211cd81dca23cb6e380765f822e342be484c05763939601cd667021d00baf696a68578f7dfdee7fa67c977c785ef32b233bae580c0bcd5695d0282010016a65c58204850704e7502a39757040d34da3a3478c154d4e4a5c02d242ee04f96e61e4bd0904abdac8f37eeb1e09f3182d23c9043cb642f88004160edf9ca09b32076a79c32a627f2473e91879ba2c4e744bd2081544cb55b802c368d1fa83ed489e94e0fa0688e32428a5c78c478c68d0527b71c9a3abb0b0be12c44689639e7d3ce74db101a65aa2b87f64c6826db3ec72f4b5599834bb4edb02f7c90e9a496d3a55d535bebfc45d4f619f63f3dedbb873925c2f224e07731296da887ec1e4748f87efb5fdeb75484316b2232dee553ddaf02112b0d1f02da30973224fe27aeda8b9d4b2922d9ba8be39ed9e103a63c52810bc688b7e2ed4316e1ef17dbde0382010500028201001a20a634bc8d14a2422b67380d6f6afa69519803d7d5390720a8b66a790446a9b6404570137d664c314d6b9c2f3d93c26a5219fef4082d02af1bd50c3c47fb77c2d8fd837486149d8b6f48ff9ddefc95c1504e850501ee09c7262769377a244cbf596fb46d5b578101c433494594056e22ccaf9f007c9d6703b458760a24a6de8fc65fc007a0bd734554378fceb7aaae2966066f525ec112f39af0cd9181431f814888d47a10f9d57b2f6f6bafe6124c2cf164a7c89ca273bf6130aee60c93e98401d10b97a965e79353bdd3851adf1cbf8712f8caeb6e3acd5da273cfddb22ba95933fb20434e60aa88a193b19924778c196308eb436d69137fca5ba95bad31');
SELECT pg_catalog.lo_close(0);

SELECT pg_catalog.lo_open('49297', 131072);
SELECT pg_catalog.lowrite(0, '\x303c021c7e792edd34eb1e55dda07185927070d98f0441a805dd76e1e1fe8fab021c5459916640818e92601b034a4b8d3504ee3580690a8169838e6e7673');
SELECT pg_catalog.lo_close(0);

SELECT pg_catalog.lo_open('49298', 131072);
SELECT pg_catalog.lowrite(0, '\x308203423082023506072a8648ce3804013082022802820101008f7935d9b9aae9bfabed887acf4951b6f32ec59e3baf3718e8eac4961f3efd3606e74351a9c4183339b809e7c2ae1c539ba7475b85d011adb8b47987754984695cac0e8f14b3360828a22ffa27110a3d62a993453409a0fe696c4658f84bdd20819c3709a01057b195adcd00233dba5484b6291f9d648ef883448677979cec04b434a6ac2e75e9985de23db0292fc1118c9ffa9d8181e7338db792b730d7b9e349592f68099872153915ea3d6b8b4653c633458f803b32a4c2e0f27290256e4e3f8a3b0838a1c450e4e18c1a29a37ddf5ea143de4b66ff04903ed5cf1623e158d487c608e97f211cd81dca23cb6e380765f822e342be484c05763939601cd667021d00baf696a68578f7dfdee7fa67c977c785ef32b233bae580c0bcd5695d0282010016a65c58204850704e7502a39757040d34da3a3478c154d4e4a5c02d242ee04f96e61e4bd0904abdac8f37eeb1e09f3182d23c9043cb642f88004160edf9ca09b32076a79c32a627f2473e91879ba2c4e744bd2081544cb55b802c368d1fa83ed489e94e0fa0688e32428a5c78c478c68d0527b71c9a3abb0b0be12c44689639e7d3ce74db101a65aa2b87f64c6826db3ec72f4b5599834bb4edb02f7c90e9a496d3a55d535bebfc45d4f619f63f3dedbb873925c2f224e07731296da887ec1e4748f87efb5fdeb75484316b2232dee553ddaf02112b0d1f02da30973224fe27aeda8b9d4b2922d9ba8be39ed9e103a63c52810bc688b7e2ed4316e1ef17dbde038201050002820100788b3ea6459419381415b23dd17c81893bee61f7a735c9748d7eb8d9d8bdd78d1a4904e12e09a7696fca65887b95dde17842c68b5f2844558940195b53ce3ff76bb7a8b295e28405000ebd4adef9918b0085ed10c4cdc455b93e921456d4f76871bcc40b85034e0d6cd75f5681ef676af94b6bb7a3510cc8e78deadcea7655a6632822aba62698c6e2c5a56ba5ba7bf70ad52ceb40d7b8315a3a0179c2c204ee1fe64c1a6f6eaef24668bed254bd94a7aaede68fd4b4cb36e70d61f6bb336d3c41ae5d6fd646372e25f154e77be399f2fab74858f5c518a714bce29abeae9017fa1f02672ab657efa333946dfefe9669d2abca149714d475ce3b8f95aaf6e604');
SELECT pg_catalog.lo_close(0);

COMMIT;

--
-- Name: article_categories article_categories_pkey; Type: CONSTRAINT; Schema: public; Owner: hugo
--

ALTER TABLE ONLY public.article_categories
    ADD CONSTRAINT article_categories_pkey PRIMARY KEY (article_id, category_id);


--
-- Name: articles articles_pkey; Type: CONSTRAINT; Schema: public; Owner: hugo
--

ALTER TABLE ONLY public.articles
    ADD CONSTRAINT articles_pkey PRIMARY KEY (id);


--
-- Name: block block_pkey; Type: CONSTRAINT; Schema: public; Owner: hugo
--

ALTER TABLE ONLY public.block
    ADD CONSTRAINT block_pkey PRIMARY KEY (id);


--
-- Name: categories categories_pkey; Type: CONSTRAINT; Schema: public; Owner: hugo
--

ALTER TABLE ONLY public.categories
    ADD CONSTRAINT categories_pkey PRIMARY KEY (id);


--
-- Name: roles roles_pkey; Type: CONSTRAINT; Schema: public; Owner: hugo
--

ALTER TABLE ONLY public.roles
    ADD CONSTRAINT roles_pkey PRIMARY KEY (id);


--
-- Name: transactions transactions_pkey; Type: CONSTRAINT; Schema: public; Owner: hugo
--

ALTER TABLE ONLY public.transactions
    ADD CONSTRAINT transactions_pkey PRIMARY KEY (id);


--
-- Name: users uk6dotkott2kjsp8vw4d0m25fb7; Type: CONSTRAINT; Schema: public; Owner: hugo
--

ALTER TABLE ONLY public.users
    ADD CONSTRAINT uk6dotkott2kjsp8vw4d0m25fb7 UNIQUE (email);


--
-- Name: block ukanp4lh0i1kmpnsxi7ymnxrkjm; Type: CONSTRAINT; Schema: public; Owner: hugo
--

ALTER TABLE ONLY public.block
    ADD CONSTRAINT ukanp4lh0i1kmpnsxi7ymnxrkjm UNIQUE (curr_hash);


--
-- Name: roles ukofx66keruapi6vyqpv6f2or37; Type: CONSTRAINT; Schema: public; Owner: hugo
--

ALTER TABLE ONLY public.roles
    ADD CONSTRAINT ukofx66keruapi6vyqpv6f2or37 UNIQUE (name);


--
-- Name: users ukr43af9ap4edm43mmtq01oddj6; Type: CONSTRAINT; Schema: public; Owner: hugo
--

ALTER TABLE ONLY public.users
    ADD CONSTRAINT ukr43af9ap4edm43mmtq01oddj6 UNIQUE (username);


--
-- Name: categories ukt8o6pivur7nn124jehx7cygw5; Type: CONSTRAINT; Schema: public; Owner: hugo
--

ALTER TABLE ONLY public.categories
    ADD CONSTRAINT ukt8o6pivur7nn124jehx7cygw5 UNIQUE (name);


--
-- Name: user_roles user_roles_pkey; Type: CONSTRAINT; Schema: public; Owner: hugo
--

ALTER TABLE ONLY public.user_roles
    ADD CONSTRAINT user_roles_pkey PRIMARY KEY (user_id, role_id);


--
-- Name: users users_pkey; Type: CONSTRAINT; Schema: public; Owner: hugo
--

ALTER TABLE ONLY public.users
    ADD CONSTRAINT users_pkey PRIMARY KEY (id);


--
-- Name: wallets wallets_pkey; Type: CONSTRAINT; Schema: public; Owner: hugo
--

ALTER TABLE ONLY public.wallets
    ADD CONSTRAINT wallets_pkey PRIMARY KEY (id);


--
-- Name: article_categories fk8lwbpiccld0fsuhw5xab62vl0; Type: FK CONSTRAINT; Schema: public; Owner: hugo
--

ALTER TABLE ONLY public.article_categories
    ADD CONSTRAINT fk8lwbpiccld0fsuhw5xab62vl0 FOREIGN KEY (category_id) REFERENCES public.categories(id);


--
-- Name: articles fkgtl8ebrhjxuf5s0skoek5qoqf; Type: FK CONSTRAINT; Schema: public; Owner: hugo
--

ALTER TABLE ONLY public.articles
    ADD CONSTRAINT fkgtl8ebrhjxuf5s0skoek5qoqf FOREIGN KEY (owner_wallet_id) REFERENCES public.wallets(id);


--
-- Name: user_roles fkh8ciramu9cc9q3qcqiv4ue8a6; Type: FK CONSTRAINT; Schema: public; Owner: hugo
--

ALTER TABLE ONLY public.user_roles
    ADD CONSTRAINT fkh8ciramu9cc9q3qcqiv4ue8a6 FOREIGN KEY (role_id) REFERENCES public.roles(id);


--
-- Name: user_roles fkhfh9dx7w3ubf1co1vdev94g3f; Type: FK CONSTRAINT; Schema: public; Owner: hugo
--

ALTER TABLE ONLY public.user_roles
    ADD CONSTRAINT fkhfh9dx7w3ubf1co1vdev94g3f FOREIGN KEY (user_id) REFERENCES public.users(id);


--
-- Name: article_categories fkiaa1jged75v2k1r2ongjm9hko; Type: FK CONSTRAINT; Schema: public; Owner: hugo
--

ALTER TABLE ONLY public.article_categories
    ADD CONSTRAINT fkiaa1jged75v2k1r2ongjm9hko FOREIGN KEY (article_id) REFERENCES public.articles(id);


--
-- Name: transactions fkofk62difnkhucoyyjf9qtjg1t; Type: FK CONSTRAINT; Schema: public; Owner: hugo
--

ALTER TABLE ONLY public.transactions
    ADD CONSTRAINT fkofk62difnkhucoyyjf9qtjg1t FOREIGN KEY (block_id) REFERENCES public.block(id);


--
-- Name: wallets wallets_user_id_fkey; Type: FK CONSTRAINT; Schema: public; Owner: hugo
--

ALTER TABLE ONLY public.wallets
    ADD CONSTRAINT wallets_user_id_fkey FOREIGN KEY (user_id) REFERENCES public.users(id);


--
--



--
--



--
-- PostgreSQL database dump complete
--

